Title,Description,Image URL,Address,Country,Number of Bedrooms,Number of Bathrooms,Floor Size (m2),Price (USD),Property URL
"Home For Sale, Mugla Turkey","Home at Mugla Turkey With 6 bedrooms, 6 bathrooms.",https://assets.xomio.com/listings/images/rl-133872328__0__720.jpg,Mugla,Turkey,6.0,6.0,679.0,12077495,https://www.century21global.com/en/p/muğla-turkey--rl-133872328
"Home For Sale, Denizli Turkey",Home at Denizli Turkey.,https://assets.xomio.com/listings/images/rl-134381229__0__720.jpg,Denizli,Turkey,,,5045.0,11502377,https://www.century21global.com/en/p/denizli-turkey--rl-134381229
"Home For Sale, Ankara Turkey",Home at Ankara Turkey.,https://assets.xomio.com/listings/images/rl-133266122__0__720.jpg,Ankara,Turkey,,,10000.0,11473621,https://www.century21global.com/en/p/ankara-turkey--rl-133266122
"Home For Sale, İstanbul-Avrupa Turkey",Home at İstanbul-Avrupa Turkey.,https://assets.xomio.com/listings/images/rl-133775069__0__720.jpg,İstanbul-Avrupa,Turkey,,,5900.0,9345681,https://www.century21global.com/en/p/i̇stanbul-avrupa-turkey--rl-133775069
"Home For Sale, Mugla Turkey",Home at Mugla Turkey.,https://assets.xomio.com/listings/images/rl-134750907__0__720.jpg,Mugla,Turkey,,,5270.0,7476545,https://www.century21global.com/en/p/muğla-turkey--rl-134750907
"Home For Sale, İstanbul-Avrupa Turkey",Home at İstanbul-Avrupa Turkey.,https://assets.xomio.com/listings/images/rl-134171581__0__720.jpg,İstanbul-Avrupa,Turkey,,,,7476545,https://www.century21global.com/en/p/i̇stanbul-avrupa-turkey--rl-134171581
"Home For Sale, Balıkesir 10200 Turkey","Home at Balıkesir 10200 Turkey With 6 bedrooms, 0 bathrooms.",https://assets.xomio.com/listings/images/rl-134838867__0__720.jpg,Balıkesir,Turkey,6.0,0.0,4200.0,7188985,https://www.century21global.com/en/p/balıkesir-10200-turkey--rl-134838867
"Home For Sale, İstanbul-Avrupa Turkey","Home at İstanbul-Avrupa Turkey With 16 bedrooms, 0 bathrooms.",https://assets.xomio.com/listings/images/rl-132647141__0__720.jpg,İstanbul-Avrupa,Turkey,16.0,0.0,,6984818,https://www.century21global.com/en/p/i̇stanbul-avrupa-turkey--rl-132647141
"Single Family House For Sale, Mugla 48399 Turkey","Single Family House at Mugla 48399 Turkey With 7 bedrooms, 6 bathrooms, Sea View, Pool View, City View, Park or Green Belt View, parking lot.",https://assets.xomio.com/listings/images/rl-134362448__0__720.jpg,Mugla,Turkey,7.0,6.0,680.0,6901426,https://www.century21global.com/en/p/muğla-48399-turkey--rl-134362448
"Home For Sale, Turkey","Home at Turkey With 16 bedrooms, 0 bathrooms.",https://assets.xomio.com/listings/images/rl-132647146__0__720.jpg,,Turkey,16.0,0.0,,6613867,https://www.century21global.com/en/p/turkey--rl-132647146
"Home For Sale, İstanbul-Avrupa Turkey","Home at İstanbul-Avrupa Turkey With 16 bedrooms, 0 bathrooms.",https://assets.xomio.com/listings/images/rl-134880999__0__720.jpg,İstanbul-Avrupa,Turkey,16.0,0.0,1476.0,6613867,https://www.century21global.com/en/p/i̇stanbul-avrupa-turkey--rl-134880999
"Home For Sale, Mugla Turkey","Home at Mugla Turkey With 5 bedrooms, 5 bathrooms, Sea View, parking lot, Number of parking spaces.",https://assets.xomio.com/listings/images/rl-134828798__0__720.jpg,Mugla,Turkey,5.0,5.0,425.0,6086556,https://www.century21global.com/en/p/muğla-turkey--rl-134828798
"Single Family House For Sale, İstanbul-Avrupa Turkey","Single Family House at İstanbul-Avrupa Turkey With 10 bedrooms, 6 bathrooms, Sea View, Park or Green Belt View, parking lot.",https://assets.xomio.com/listings/images/rl-134490659__0__720.jpg,İstanbul-Avrupa,Turkey,10.0,6.0,850.0,5751188,https://www.century21global.com/en/p/i̇stanbul-avrupa-turkey--rl-134490659
"Home For Sale, Çanakkale Turkey","Home at Çanakkale Turkey With 16 bedrooms, 0 bathrooms.",https://assets.xomio.com/listings/images/rl-133707463__0__720.jpg,Çanakkale,Turkey,16.0,0.0,4.0,5607409,https://www.century21global.com/en/p/çanakkale-turkey--rl-133707463
"Home For Sale, İstanbul-Avrupa Turkey",Home at İstanbul-Avrupa Turkey.,https://assets.xomio.com/listings/images/rl-134916231__0__720.jpg,İstanbul-Avrupa,Turkey,,,1000.0,5607409,https://www.century21global.com/en/p/i̇stanbul-avrupa-turkey--rl-134916231
"Home For Sale, İstanbul-Avrupa Turkey","Home at İstanbul-Avrupa Turkey With 4 bedrooms, 0 bathrooms.",https://assets.xomio.com/listings/images/rl-132827164__0__720.jpg,İstanbul-Avrupa,Turkey,4.0,0.0,2500.0,5176069,https://www.century21global.com/en/p/i̇stanbul-avrupa-turkey--rl-132827164
"Home For Sale, İstanbul-Anadolu Turkey","Home at İstanbul-Anadolu Turkey With 2 bedrooms, 0 bathrooms.",https://assets.xomio.com/listings/images/rl-132454248__0__720.jpg,İstanbul-Anadolu,Turkey,2.0,0.0,400.0,5176069,https://www.century21global.com/en/p/i̇stanbul-anadolu-turkey--rl-132454248
"Home For Sale, Kırklareli Turkey",Home at Kırklareli Turkey.,https://assets.xomio.com/listings/images/rl-134104095__0__720.jpg,Kırklareli,Turkey,,,179133.0,5176069,https://www.century21global.com/en/p/kırklareli-turkey--rl-134104095
"Home For Sale, Mugla Turkey",Home at Mugla Turkey.,https://assets.xomio.com/listings/images/rl-134710835__0__720.jpg,Mugla,Turkey,,,10000.0,5007416,https://www.century21global.com/en/p/muğla-turkey--rl-134710835
"Home For Sale, Mugla Turkey","Home at Mugla Turkey With 5 bedrooms, 6 bathrooms, Sea View, Number of parking spaces.",https://assets.xomio.com/listings/images/rl-134223590__0__720.jpg,Mugla,Turkey,5.0,6.0,350.0,4917266,https://www.century21global.com/en/p/muğla-turkey--rl-134223590
"Home For Sale, Mugla Turkey",Home at Mugla Turkey.,https://assets.xomio.com/listings/images/rl-134237735__0__720.jpg,Mugla,Turkey,,,,4904613,https://www.century21global.com/en/p/muğla-turkey--rl-134237735
"Home For Sale, Mugla Turkey",Home at Mugla Turkey.,https://assets.xomio.com/listings/images/rl-134956010__0__720.jpg,Mugla,Turkey,,,28346.0,4744730,https://www.century21global.com/en/p/muğla-turkey--rl-134956010
"Home For Sale, Izmir Turkey","Home at Izmir Turkey With 16 bedrooms, 0 bathrooms.",https://assets.xomio.com/listings/images/rl-135005781__0__720.jpg,Izmir,Turkey,16.0,0.0,610.0,4744730,https://www.century21global.com/en/p/i̇zmir-turkey--rl-135005781
"Home For Sale, Mugla Turkey","Home at Mugla Turkey With 7 bedrooms, 5 bathrooms, Number of parking spaces.",https://assets.xomio.com/listings/images/rl-134710840__0__720.jpg,Mugla,Turkey,7.0,5.0,430.0,4658463,https://www.century21global.com/en/p/muğla-turkey--rl-134710840
"Home For Sale, Mugla Turkey","Home at Mugla Turkey With 6 bedrooms, 6 bathrooms, Number of parking spaces.",https://assets.xomio.com/listings/images/rl-134223616__0__720.jpg,Mugla,Turkey,6.0,6.0,350.0,4644085,https://www.century21global.com/en/p/muğla-turkey--rl-134223616
"Home For Sale, İstanbul-Anadolu Turkey","Home at İstanbul-Anadolu Turkey With 10 bedrooms, 0 bathrooms.",https://assets.xomio.com/listings/images/rl-134938645__0__720.jpg,İstanbul-Anadolu,Turkey,10.0,0.0,1280.0,4600951,https://www.century21global.com/en/p/i̇stanbul-anadolu-turkey--rl-134938645
"Home For Sale, İstanbul-Avrupa Turkey",Home at İstanbul-Avrupa Turkey.,https://assets.xomio.com/listings/images/rl-133514863__0__720.jpg,İstanbul-Avrupa,Turkey,,,,4586573,https://www.century21global.com/en/p/i̇stanbul-avrupa-turkey--rl-133514863
"Home For Sale, İstanbul-Avrupa Turkey","Home at İstanbul-Avrupa Turkey With 3 bedrooms, 3 bathrooms, Sea View, Pool View, City View, Park or Green Belt View, parking lot.",https://assets.xomio.com/listings/images/rl-133962294__0__720.jpg,İstanbul-Avrupa,Turkey,3.0,3.0,277.0,4529061,https://www.century21global.com/en/p/i̇stanbul-avrupa-turkey--rl-133962294
"Home For Sale, Çanakkale Turkey",Home at Çanakkale Turkey.,https://assets.xomio.com/listings/images/rl-134659567__0__720.jpg,Çanakkale,Turkey,,,4820.0,4485927,https://www.century21global.com/en/p/çanakkale-turkey--rl-134659567
"Home For Sale, Sakarya Turkey","Home at Sakarya Turkey With parking lot, Number of parking spaces.",https://assets.xomio.com/listings/images/rl-133845958__0__720.jpg,Sakarya,Turkey,,,5740.0,4457171,https://www.century21global.com/en/p/sakarya-turkey--rl-133845958
"Home For Sale, İstanbul-Avrupa Turkey","Home at İstanbul-Avrupa Turkey With 5 bedrooms, 3 bathrooms, parking lot.",https://assets.xomio.com/listings/images/rl-134599563__0__720.jpg,İstanbul-Avrupa,Turkey,5.0,3.0,365.0,4457171,https://www.century21global.com/en/p/i̇stanbul-avrupa-turkey--rl-134599563
"Home For Sale, Mugla Turkey","Home at Mugla Turkey With 5 bedrooms, 6 bathrooms, Number of parking spaces.",https://assets.xomio.com/listings/images/rl-134223591__0__720.jpg,Mugla,Turkey,5.0,6.0,350.0,4366590,https://www.century21global.com/en/p/muğla-turkey--rl-134223591
"Home For Sale, İstanbul-Anadolu Turkey",Home at İstanbul-Anadolu Turkey.,https://assets.xomio.com/listings/images/rl-134814446__0__720.jpg,İstanbul-Anadolu,Turkey,,,351.0,4313391,https://www.century21global.com/en/p/i̇stanbul-anadolu-turkey--rl-134814446
"Home For Sale, Bursa 16110 Turkey",Home at Bursa 16110 Turkey.,https://assets.xomio.com/listings/images/rl-134912755__0__720.jpg,Bursa,Turkey,,,,4313391,https://www.century21global.com/en/p/bursa-16110-turkey--rl-134912755
"Home For Sale, İstanbul-Anadolu Turkey",Home at İstanbul-Anadolu Turkey With parking lot.,https://assets.xomio.com/listings/images/rl-134876839__0__720.jpg,İstanbul-Anadolu,Turkey,,,300.0,4313391,https://www.century21global.com/en/p/i̇stanbul-anadolu-turkey--rl-134876839
"Home For Sale, Izmir Turkey",Home at Izmir Turkey.,https://assets.xomio.com/listings/images/rl-134652074__0__720.jpg,Izmir,Turkey,,,1404.0,4313391,https://www.century21global.com/en/p/i̇zmir-turkey--rl-134652074
"Home For Sale, Mugla Turkey",Home at Mugla Turkey.,https://assets.xomio.com/listings/images/rl-134669973__0__720.jpg,Mugla,Turkey,,,450.0,4284635,https://www.century21global.com/en/p/muğla-turkey--rl-134669973
"Home For Sale, Kocaeli Turkey","Home at Kocaeli Turkey With 10 bedrooms, 0 bathrooms.",https://assets.xomio.com/listings/images/rl-133541474__0__720.jpg,Kocaeli,Turkey,10.0,0.0,2800.0,4241501,https://www.century21global.com/en/p/kocaeli-turkey--rl-133541474
"Home For Sale, Kocaeli Turkey","Home at Kocaeli Turkey With 7 bedrooms, 0 bathrooms.",https://assets.xomio.com/listings/images/rl-133541483__0__720.jpg,Kocaeli,Turkey,7.0,0.0,2800.0,4241501,https://www.century21global.com/en/p/kocaeli-turkey--rl-133541483
"Home For Sale, İstanbul-Avrupa Turkey","Home at İstanbul-Avrupa Turkey With 4 bedrooms, 5 bathrooms, Sea View, Park View, Pool View, City View, Number of parking spaces.",https://assets.xomio.com/listings/images/rl-134237738__0__720.jpg,İstanbul-Avrupa,Turkey,4.0,5.0,270.0,4169612,https://www.century21global.com/en/p/i̇stanbul-avrupa-turkey--rl-134237738
,,,,,,,,,
"Home For Sale, Mugla Turkey","Home at Mugla Turkey With 5 bedrooms, 6 bathrooms, Sea View, parking lot, Number of parking spaces.",https://assets.xomio.com/listings/images/rl-134223608__0__720.jpg,Mugla,Turkey,5.0,6.0,350.0,4093408,https://www.century21global.com/en/p/muğla-turkey--rl-134223608
"Home For Sale, İstanbul-Anadolu Turkey","Home at İstanbul-Anadolu Turkey With 16 bedrooms, 0 bathrooms.",https://assets.xomio.com/listings/images/rl-132453108__0__720.jpg,İstanbul-Anadolu,Turkey,16.0,0.0,2000.0,4025832,https://www.century21global.com/en/p/i̇stanbul-anadolu-turkey--rl-132453108
"Home For Sale, İstanbul-Anadolu 34780 Turkey","Home at İstanbul-Anadolu 34780 Turkey With 6 bedrooms, 4 bathrooms, Park or Green Belt View, parking lot.",https://assets.xomio.com/listings/images/rl-135001455__0__720.jpg,İstanbul-Anadolu,Turkey,6.0,4.0,439.0,3837768,https://www.century21global.com/en/p/i̇stanbul-anadolu-34780-turkey--rl-135001455
"Home For Sale, Ankara Turkey",Home at Ankara Turkey.,https://assets.xomio.com/listings/images/rl-134603950__0__720.jpg,Ankara,Turkey,,,,3824540,https://www.century21global.com/en/p/ankara-turkey--rl-134603950
"Home For Sale, Mugla Turkey","Home at Mugla Turkey With 6 bedrooms, 6 bathrooms, Sea View, Number of parking spaces.",https://assets.xomio.com/listings/images/rl-134223620__0__720.jpg,Mugla,Turkey,6.0,6.0,350.0,3821665,https://www.century21global.com/en/p/muğla-turkey--rl-134223620
"Home For Sale, İstanbul-Avrupa Turkey",Home at İstanbul-Avrupa Turkey.,https://assets.xomio.com/listings/images/rl-134171594__0__720.jpg,İstanbul-Avrupa,Turkey,,,439.0,3738272,https://www.century21global.com/en/p/i̇stanbul-avrupa-turkey--rl-134171594
"Home For Sale, Denizli Turkey",Home at Denizli Turkey.,https://assets.xomio.com/listings/images/rl-133580041__0__720.jpg,Denizli,Turkey,,,4000.0,3666383,https://www.century21global.com/en/p/denizli-turkey--rl-133580041
"Home For Sale, Mugla Turkey","Home at Mugla Turkey With 4 bedrooms, 0 bathrooms, Pool View, Park or Green Belt View.",https://assets.xomio.com/listings/images/rl-133341074__0__720.jpg,Mugla,Turkey,4.0,0.0,170.0,3666383,https://www.century21global.com/en/p/muğla-turkey--rl-133341074
"Home For Sale, İstanbul-Anadolu 34983 Turkey","Home at İstanbul-Anadolu 34983 Turkey With 10 bedrooms, 8 bathrooms, parking lot, Number of parking spaces.",https://assets.xomio.com/listings/images/rl-134997322__0__720.jpg,İstanbul-Anadolu,Turkey,10.0,8.0,842.0,3623249,https://www.century21global.com/en/p/i̇stanbul-anadolu-34983-turkey--rl-134997322
"Home For Sale, Izmir Turkey",Home at Izmir Turkey.,https://assets.xomio.com/listings/images/rl-134948785__0__720.jpg,Izmir,Turkey,,,12586.0,3594493,https://www.century21global.com/en/p/i̇zmir-turkey--rl-134948785
"Home For Sale, İstanbul-Avrupa Turkey",Home at İstanbul-Avrupa Turkey.,https://assets.xomio.com/listings/images/rl-134990917__0__720.jpg,İstanbul-Avrupa,Turkey,,,1100.0,3594493,https://www.century21global.com/en/p/i̇stanbul-avrupa-turkey--rl-134990917
"Home For Sale, Ankara Turkey","Home at Ankara Turkey With one bedroom, 0 bathrooms.",https://assets.xomio.com/listings/images/rl-134930515__0__720.jpg,Ankara,Turkey,1.0,0.0,700.0,3450713,https://www.century21global.com/en/p/ankara-turkey--rl-134930515
"Home For Sale, Denizli Turkey",Home at Denizli Turkey.,https://assets.xomio.com/listings/images/rl-134377395__0__720.jpg,Denizli,Turkey,,,4500.0,3450713,https://www.century21global.com/en/p/denizli-turkey--rl-134377395
"Home For Sale, İstanbul-Anadolu Turkey","Home at İstanbul-Anadolu Turkey With Sea View, Park View, Pool View, City View, Park or Green Belt View, parking lot.",https://assets.xomio.com/listings/images/rl-134794102__0__720.jpg,İstanbul-Anadolu,Turkey,,,660.0,3306933,https://www.century21global.com/en/p/i̇stanbul-anadolu-turkey--rl-134794102
"Home For Sale, Ankara Turkey",Home at Ankara Turkey.,https://assets.xomio.com/listings/images/rl-134960405__0__720.jpg,Ankara,Turkey,,,600.0,3134398,https://www.century21global.com/en/p/ankara-turkey--rl-134960405
"Home For Sale, Bursa 16110 Turkey",Home at Bursa 16110 Turkey.,https://assets.xomio.com/listings/images/rl-134912734__0__720.jpg,Bursa,Turkey,,,,3019374,https://www.century21global.com/en/p/bursa-16110-turkey--rl-134912734
"Home For Sale, İstanbul-Anadolu Turkey","Home at İstanbul-Anadolu Turkey With 5 bedrooms, 5 bathrooms, Park View, Park or Green Belt View, parking lot.",https://assets.xomio.com/listings/images/rl-133253252__0__720.jpg,İstanbul-Anadolu,Turkey,5.0,5.0,700.0,2832460,https://www.century21global.com/en/p/i̇stanbul-anadolu-turkey--rl-133253252
"Home For Sale, İstanbul-Avrupa Turkey","Home at İstanbul-Avrupa Turkey With 4 bedrooms, 3 bathrooms, Number of parking spaces.",https://assets.xomio.com/listings/images/rl-134506848__0__720.jpg,İstanbul-Avrupa,Turkey,4.0,3.0,340.0,2789326,https://www.century21global.com/en/p/i̇stanbul-avrupa-turkey--rl-134506848
"Home For Sale, Balıkesir Turkey",Home at Balıkesir Turkey.,https://assets.xomio.com/listings/images/rl-134620180__0__720.jpg,Balıkesir,Turkey,,,13570.0,2739003,https://www.century21global.com/en/p/balıkesir-turkey--rl-134620180
"Home For Sale, Mugla Turkey",Home at Mugla Turkey.,https://assets.xomio.com/listings/images/rl-133099240__0__720.jpg,Mugla,Turkey,,,,2703058,https://www.century21global.com/en/p/muğla-turkey--rl-133099240
"Home For Sale, Mugla Turkey",Home at Mugla Turkey.,https://assets.xomio.com/listings/images/rl-134718786__0__720.jpg,Mugla,Turkey,,,6813.0,2674303,https://www.century21global.com/en/p/muğla-turkey--rl-134718786
"Home For Sale, İstanbul-Avrupa Turkey","Home at İstanbul-Avrupa Turkey With 2 bedrooms, 3 bathrooms, Sea View, Park View, Pool View, City View, Number of parking spaces.",https://assets.xomio.com/listings/images/rl-134237745__0__720.jpg,İstanbul-Avrupa,Turkey,2.0,3.0,160.0,2616791,https://www.century21global.com/en/p/i̇stanbul-avrupa-turkey--rl-134237745
"Home For Sale, Kırklareli Turkey",Home at Kırklareli Turkey.,https://assets.xomio.com/listings/images/rl-134730836__0__720.jpg,Kırklareli,Turkey,,,38408.0,2588035,https://www.century21global.com/en/p/kırklareli-turkey--rl-134730836
"Home For Sale, Kocaeli Turkey",Home at Kocaeli Turkey.,https://assets.xomio.com/listings/images/rl-134794116__0__720.jpg,Kocaeli,Turkey,,,,2588035,https://www.century21global.com/en/p/kocaeli-turkey--rl-134794116
"Condominium/Co-Op For Sale, Mugla Turkey",Condominium/Co-Op at Mugla Turkey.,https://assets.xomio.com/listings/images/rl-134828797__0__720.jpg,Mugla,Turkey,,,,2559279,https://www.century21global.com/en/p/muğla-turkey--rl-134828797
"Home For Sale, Mugla Turkey","Home at Mugla Turkey With 7 bedrooms, 9 bathrooms, Sea View, Pool View, Park or Green Belt View, parking lot.",https://assets.xomio.com/listings/images/rl-134594851__0__720.jpg,Mugla,Turkey,7.0,9.0,374.0,2530523,https://www.century21global.com/en/p/muğla-turkey--rl-134594851
"Home For Sale, Mugla Turkey","Home at Mugla Turkey With 4 bedrooms, 4 bathrooms, parking lot.",https://assets.xomio.com/listings/images/rl-134594856__0__720.jpg,Mugla,Turkey,4.0,4.0,450.0,2516145,https://www.century21global.com/en/p/muğla-turkey--rl-134594856
"Home For Sale, Edirne Turkey",Home at Edirne Turkey.,https://assets.xomio.com/listings/images/rl-134293703__0__720.jpg,Edirne,Turkey,,,64.0,2444255,https://www.century21global.com/en/p/edirne-turkey--rl-134293703
"Home For Sale, Afyonkarahisar Turkey",Home at Afyonkarahisar Turkey.,https://assets.xomio.com/listings/images/rl-132453101__0__720.jpg,Afyonkarahisar,Turkey,,,27.0,2444255,https://www.century21global.com/en/p/afyonkarahisar-turkey--rl-132453101
"Home For Sale, Mugla Turkey",Home at Mugla Turkey.,https://assets.xomio.com/listings/images/rl-133374055__0__720.jpg,Mugla,Turkey,,,41900.0,2415499,https://www.century21global.com/en/p/muğla-turkey--rl-133374055
"Home For Sale, İstanbul-Anadolu Turkey","Home at İstanbul-Anadolu Turkey With 4 bedrooms, 2 bathrooms, Number of parking spaces.",https://assets.xomio.com/listings/images/rl-134794107__0__720.jpg,İstanbul-Anadolu,Turkey,4.0,2.0,175.0,2271719,https://www.century21global.com/en/p/i̇stanbul-anadolu-turkey--rl-134794107
"Home For Sale, Mugla Turkey",Home at Mugla Turkey.,https://assets.xomio.com/listings/images/rl-134858801__0__720.jpg,Mugla,Turkey,,,,2219240,https://www.century21global.com/en/p/muğla-turkey--rl-134858801
"Single Family House For Sale, İstanbul-Avrupa Turkey","Single Family House at İstanbul-Avrupa Turkey With 6 bedrooms, 5 bathrooms, Park or Green Belt View, parking lot, Number of parking spaces.",https://assets.xomio.com/listings/images/rl-135001429__0__720.jpg,İstanbul-Avrupa,Turkey,6.0,5.0,440.0,2214207,https://www.century21global.com/en/p/i̇stanbul-avrupa-turkey--rl-135001429
"Home For Sale, Ankara Turkey","Home at Ankara Turkey With 5 bedrooms, 0 bathrooms.",https://assets.xomio.com/listings/images/rl-134141109__0__720.jpg,Ankara,Turkey,5.0,0.0,2300.0,2127940,https://www.century21global.com/en/p/ankara-turkey--rl-134141109
"Home For Sale, İstanbul-Avrupa Turkey",Home at İstanbul-Avrupa Turkey.,https://assets.xomio.com/listings/images/rl-133984007__0__720.jpg,İstanbul-Avrupa,Turkey,,,490.0,2113562,https://www.century21global.com/en/p/i̇stanbul-avrupa-turkey--rl-133984007
"Home For Sale, İstanbul-Avrupa 330 Turkey",Home at İstanbul-Avrupa 330 Turkey.,https://assets.xomio.com/listings/images/rl-134146267__0__720.jpg,İstanbul-Avrupa,Turkey,,,490.0,2113562,https://www.century21global.com/en/p/i̇stanbul-avrupa-330-turkey--rl-134146267
"Home For Sale, Bursa 16700 Turkey",Home at Bursa 16700 Turkey.,https://assets.xomio.com/listings/images/rl-134828796__0__720.jpg,Bursa,Turkey,,,9548.0,2070428,https://www.century21global.com/en/p/bursa-16700-turkey--rl-134828796
"Home For Sale, Mugla 48400 Turkey","Home at Mugla 48400 Turkey With 7 bedrooms, 7 bathrooms, parking lot.",https://assets.xomio.com/listings/images/rl-133723076__0__720.jpg,Mugla,Turkey,7.0,7.0,575.0,2070428,https://www.century21global.com/en/p/muğla-48400-turkey--rl-133723076
"Home For Sale, İstanbul-Avrupa Turkey",Home at İstanbul-Avrupa Turkey.,https://assets.xomio.com/listings/images/rl-134990921__0__720.jpg,İstanbul-Avrupa,Turkey,,,,2070428,https://www.century21global.com/en/p/i̇stanbul-avrupa-turkey--rl-134990921
"Home For Sale, Batman Turkey",Home at Batman Turkey.,https://assets.xomio.com/listings/images/rl-134557535__0__720.jpg,Batman,Turkey,,,560.0,2012916,https://www.century21global.com/en/p/batman-turkey--rl-134557535
,,,,,,,,,
"Home For Sale, Batman Turkey","Home at Batman Turkey With 3 bedrooms, 0 bathrooms, parking lot.",https://assets.xomio.com/listings/images/rl-134545340__0__720.jpg,Batman,Turkey,3.0,0.0,560.0,2012916,https://www.century21global.com/en/p/batman-turkey--rl-134545340
"Home For Sale, İstanbul-Avrupa Turkey",Home at İstanbul-Avrupa Turkey.,https://assets.xomio.com/listings/images/rl-134809586__0__720.jpg,İstanbul-Avrupa,Turkey,,,480.0,1998538,https://www.century21global.com/en/p/i̇stanbul-avrupa-turkey--rl-134809586
"Home For Sale, İstanbul-Avrupa Turkey","Home at İstanbul-Avrupa Turkey With 6 bedrooms, 0 bathrooms.",https://assets.xomio.com/listings/images/rl-134076977__0__720.jpg,İstanbul-Avrupa,Turkey,6.0,0.0,750.0,2000000,https://www.century21global.com/en/p/i̇stanbul-avrupa-turkey--rl-134076977
"Home For Sale, Izmir Turkey","Home at Izmir Turkey With 4 bedrooms, 3 bathrooms, Sea View, Pool View, parking lot.",https://assets.xomio.com/listings/images/rl-134680093__0__720.jpg,Izmir,Turkey,4.0,3.0,350.0,1984160,https://www.century21global.com/en/p/i̇zmir-turkey--rl-134680093
"Home For Sale, Kocaeli Turkey","Home at Kocaeli Turkey With 5 bedrooms, 0 bathrooms.",https://assets.xomio.com/listings/images/rl-134349195__0__720.jpg,Kocaeli,Turkey,5.0,0.0,1300.0,1941026,https://www.century21global.com/en/p/kocaeli-turkey--rl-134349195
"Home For Sale, Izmir Turkey","Home at Izmir Turkey With 5 bedrooms, 4 bathrooms, parking lot.",https://assets.xomio.com/listings/images/rl-134435243__0__720.jpg,Izmir,Turkey,5.0,4.0,180.0,1926648,https://www.century21global.com/en/p/i̇zmir-turkey--rl-134435243
"Home For Sale, Ankara Turkey","Home at Ankara Turkey With 6 bedrooms, 0 bathrooms.",https://assets.xomio.com/listings/images/rl-134506830__0__720.jpg,Ankara,Turkey,6.0,0.0,500.0,1912270,https://www.century21global.com/en/p/ankara-turkey--rl-134506830
"Home For Sale, İstanbul-Anadolu Turkey","Home at İstanbul-Anadolu Turkey With 6 bedrooms, 0 bathrooms.",https://assets.xomio.com/listings/images/rl-134320508__0__720.jpg,İstanbul-Anadolu,Turkey,6.0,0.0,350.0,1897892,https://www.century21global.com/en/p/i̇stanbul-anadolu-turkey--rl-134320508
"Home For Sale, İstanbul-Avrupa 34450 Turkey","Home at İstanbul-Avrupa 34450 Turkey With 9 bedrooms, 5 bathrooms, Park or Green Belt View, parking lot, Number of parking spaces.",https://assets.xomio.com/listings/images/rl-135001440__0__720.jpg,İstanbul-Avrupa,Turkey,9.0,5.0,550.0,1897892,https://www.century21global.com/en/p/i̇stanbul-avrupa-34450-turkey--rl-135001440
"Condominium/Co-Op For Sale, İstanbul-Avrupa Turkey","Condominium/Co-Op at İstanbul-Avrupa Turkey With 5 bedrooms, 3 bathrooms, Sea View, Park View, City View, Park or Green Belt View.",https://assets.xomio.com/listings/images/rl-133803226__0__720.jpg,İstanbul-Avrupa,Turkey,5.0,3.0,320.0,1869136,https://www.century21global.com/en/p/i̇stanbul-avrupa-turkey--rl-133803226
"Home For Sale, Ankara Turkey","Home at Ankara Turkey With 6 bedrooms, 4 bathrooms, Park View, City View, Park or Green Belt View, parking lot, Number of parking spaces.",https://assets.xomio.com/listings/images/rl-134468319__0__720.jpg,Ankara,Turkey,6.0,4.0,380.0,1869136,https://www.century21global.com/en/p/ankara-turkey--rl-134468319
"Home For Sale, İstanbul-Avrupa Turkey","Home at İstanbul-Avrupa Turkey With 2 bedrooms, 0 bathrooms.",https://assets.xomio.com/listings/images/rl-133153998__0__720.jpg,İstanbul-Avrupa,Turkey,2.0,0.0,,1840380,https://www.century21global.com/en/p/i̇stanbul-avrupa-turkey--rl-133153998
"Home For Sale, İstanbul-Avrupa Turkey","Home at İstanbul-Avrupa Turkey With 8 bedrooms, 5 bathrooms, Lake View, City View, Park or Green Belt View, parking lot, Number of parking spaces.",https://assets.xomio.com/listings/images/rl-133434698__0__720.jpg,İstanbul-Avrupa,Turkey,8.0,5.0,,1811624,https://www.century21global.com/en/p/i̇stanbul-avrupa-turkey--rl-133434698
"Single Family House For Sale, Mugla Turkey","Single Family House at Mugla Turkey With 4 bedrooms, 4 bathrooms, parking lot.",https://assets.xomio.com/listings/images/rl-134560836__0__720.jpg,Mugla,Turkey,4.0,4.0,480.0,1797246,https://www.century21global.com/en/p/muğla-turkey--rl-134560836
"Home For Sale, İstanbul-Anadolu 3400 Turkey",Home at İstanbul-Anadolu 3400 Turkey.,https://assets.xomio.com/listings/images/rl-134908538__0__720.jpg,İstanbul-Anadolu,Turkey,,,468.0,1797246,https://www.century21global.com/en/p/i̇stanbul-anadolu-3400-turkey--rl-134908538
"Home For Sale, Ankara Turkey","Home at Ankara Turkey With 6 bedrooms, 4 bathrooms.",https://assets.xomio.com/listings/images/rl-133773021__0__720.jpg,Ankara,Turkey,6.0,4.0,620.0,1782581,https://www.century21global.com/en/p/ankara-turkey--rl-133773021
"Home For Sale, Ankara Turkey",Home at Ankara Turkey.,https://assets.xomio.com/listings/images/rl-134186122__0__720.jpg,Ankara,Turkey,,,8140.0,1768490,https://www.century21global.com/en/p/ankara-turkey--rl-134186122
"Home For Sale, İstanbul-Anadolu Turkey","Home at İstanbul-Anadolu Turkey With 10 bedrooms, 2 bathrooms, Park or Green Belt View, Number of parking spaces.",https://assets.xomio.com/listings/images/rl-133403601__0__720.jpg,İstanbul-Anadolu,Turkey,10.0,2.0,560.0,1725356,https://www.century21global.com/en/p/i̇stanbul-anadolu-turkey--rl-133403601
"Home For Sale, İstanbul-Anadolu Turkey","Home at İstanbul-Anadolu Turkey With 4 bedrooms, 3 bathrooms, Sea View, Number of parking spaces.",https://assets.xomio.com/listings/images/rl-134847619__0__720.jpg,İstanbul-Anadolu,Turkey,4.0,3.0,245.0,1725356,https://www.century21global.com/en/p/i̇stanbul-anadolu-turkey--rl-134847619
"Home For Sale, İstanbul-Avrupa Turkey",Home at İstanbul-Avrupa Turkey.,https://assets.xomio.com/listings/images/rl-133746009__0__720.jpg,İstanbul-Avrupa,Turkey,,,1200.0,1725356,https://www.century21global.com/en/p/i̇stanbul-avrupa-turkey--rl-133746009
"Home For Sale, Ankara Turkey","Home at Ankara Turkey With 7 bedrooms, 6 bathrooms, Lake View, City View, Park or Green Belt View, parking lot.",https://assets.xomio.com/listings/images/rl-134761044__0__720.jpg,Ankara,Turkey,7.0,6.0,525.0,1725356,https://www.century21global.com/en/p/ankara-turkey--rl-134761044
"Home For Sale, Edirne 22000 Turkey",Home at Edirne 22000 Turkey.,https://assets.xomio.com/listings/images/rl-134510282__0__720.jpg,Edirne,Turkey,,,15.0,1725356,https://www.century21global.com/en/p/edirne-22000-turkey--rl-134510282
"Home For Sale, İstanbul-Anadolu Turkey",Home at İstanbul-Anadolu Turkey.,https://assets.xomio.com/listings/images/rl-133434665__0__720.jpg,İstanbul-Anadolu,Turkey,,,435.0,1725356,https://www.century21global.com/en/p/i̇stanbul-anadolu-turkey--rl-133434665
"Home For Sale, Mugla Turkey",Home at Mugla Turkey.,https://assets.xomio.com/listings/images/rl-134156685__0__720.jpg,Mugla,Turkey,,,2394.0,1725356,https://www.century21global.com/en/p/muğla-turkey--rl-134156685
"Home For Sale, İstanbul-Avrupa Turkey","Home at İstanbul-Avrupa Turkey With 3 bedrooms, 0 bathrooms.",https://assets.xomio.com/listings/images/rl-134648146__0__720.jpg,İstanbul-Avrupa,Turkey,3.0,0.0,170.0,1667845,https://www.century21global.com/en/p/i̇stanbul-avrupa-turkey--rl-134648146
"Home For Sale, İstanbul-Anadolu Turkey",Home at İstanbul-Anadolu Turkey.,https://assets.xomio.com/listings/images/rl-133526765__0__720.jpg,İstanbul-Anadolu,Turkey,,,13510.0,1653467,https://www.century21global.com/en/p/i̇stanbul-anadolu-turkey--rl-133526765
"Home For Sale, İstanbul-Anadolu 34983 Turkey","Home at İstanbul-Anadolu 34983 Turkey With 7 bedrooms, 6 bathrooms, parking lot, Number of parking spaces.",https://assets.xomio.com/listings/images/rl-134814450__0__720.jpg,İstanbul-Anadolu,Turkey,7.0,6.0,617.0,1639089,https://www.century21global.com/en/p/i̇stanbul-anadolu-34983-turkey--rl-134814450
"Home For Sale, İstanbul-Avrupa Turkey","Home at İstanbul-Avrupa Turkey With 3 bedrooms, 0 bathrooms.",https://assets.xomio.com/listings/images/rl-134381222__0__720.jpg,İstanbul-Avrupa,Turkey,3.0,0.0,135.0,1610333,https://www.century21global.com/en/p/i̇stanbul-avrupa-turkey--rl-134381222
"Home For Sale, İstanbul-Anadolu Turkey",Home at İstanbul-Anadolu Turkey.,https://assets.xomio.com/listings/images/rl-133845959__0__720.jpg,İstanbul-Anadolu,Turkey,,,,1581577,https://www.century21global.com/en/p/i̇stanbul-anadolu-turkey--rl-133845959
"Home For Sale, Mugla Turkey","Home at Mugla Turkey With 4 bedrooms, 3 bathrooms.",https://assets.xomio.com/listings/images/rl-134571617__0__720.jpg,Mugla,Turkey,4.0,3.0,280.0,1549945,https://www.century21global.com/en/p/muğla-turkey--rl-134571617
"Home For Sale, İstanbul-Anadolu Turkey","Home at İstanbul-Anadolu Turkey With 5 bedrooms, 0 bathrooms.",https://assets.xomio.com/listings/images/rl-134349210__0__720.jpg,İstanbul-Anadolu,Turkey,5.0,0.0,1500.0,1538443,https://www.century21global.com/en/p/i̇stanbul-anadolu-turkey--rl-134349210
"Home For Sale, Kayseri Turkey",Home at Kayseri Turkey.,https://assets.xomio.com/listings/images/rl-134934765__0__720.jpg,Kayseri,Turkey,,,1600.0,1524065,https://www.century21global.com/en/p/kayseri-turkey--rl-134934765
"Farm For Sale, Ankara Turkey",Farm at Ankara Turkey.,https://assets.xomio.com/listings/images/rl-134377349__0__720.jpg,Ankara,Turkey,,,600.0,1524065,https://www.century21global.com/en/p/ankara-turkey--rl-134377349
"Home For Sale, Balıkesir Turkey","Home at Balıkesir Turkey With 12 bedrooms, 0 bathrooms.",https://assets.xomio.com/listings/images/rl-134802597__0__720.jpg,Balıkesir,Turkey,12.0,0.0,624.0,1509687,https://www.century21global.com/en/p/balıkesir-turkey--rl-134802597
"Home For Sale, Ankara Turkey",Home at Ankara Turkey.,https://assets.xomio.com/listings/images/rl-133828035__0__720.jpg,Ankara,Turkey,,,1000.0,1509687,https://www.century21global.com/en/p/ankara-turkey--rl-133828035
"Home For Sale, İstanbul-Anadolu Turkey","Home at İstanbul-Anadolu Turkey With 5 bedrooms, 4 bathrooms, City View, Park or Green Belt View, parking lot.",https://assets.xomio.com/listings/images/rl-134926353__0__720.jpg,İstanbul-Anadolu,Turkey,5.0,4.0,350.0,1509687,https://www.century21global.com/en/p/i̇stanbul-anadolu-turkey--rl-134926353
"Home For Sale, Mugla 48400 Turkey","Home at Mugla 48400 Turkey With 4 bedrooms, 2 bathrooms, Sea View, parking lot.",https://assets.xomio.com/listings/images/rl-134755841__0__720.jpg,Mugla,Turkey,4.0,2.0,180.0,1509687,https://www.century21global.com/en/p/muğla-48400-turkey--rl-134755841
"Home For Sale, İstanbul-Avrupa Turkey",Home at İstanbul-Avrupa Turkey.,https://assets.xomio.com/listings/images/rl-133509788__0__720.jpg,İstanbul-Avrupa,Turkey,,,,1495309,https://www.century21global.com/en/p/i̇stanbul-avrupa-turkey--rl-133509788
"Home For Sale, Balıkesir Turkey",Home at Balıkesir Turkey.,https://assets.xomio.com/listings/images/rl-134462168__0__720.jpg,Balıkesir,Turkey,,,4327.0,1495309,https://www.century21global.com/en/p/balıkesir-turkey--rl-134462168
"Home For Sale, İstanbul-Avrupa Turkey",Home at İstanbul-Avrupa Turkey.,https://assets.xomio.com/listings/images/rl-134146293__0__720.jpg,İstanbul-Avrupa,Turkey,,,330.0,1495309,https://www.century21global.com/en/p/i̇stanbul-avrupa-turkey--rl-134146293
,,,,,,,,,
"Home For Sale, Balıkesir Turkey",Home at Balıkesir Turkey.,https://assets.xomio.com/listings/images/rl-134700020__0__720.jpg,Balıkesir,Turkey,,,23138.0,1495309,https://www.century21global.com/en/p/balıkesir-turkey--rl-134700020
"Home For Sale, Kocaeli Turkey",Home at Kocaeli Turkey.,https://assets.xomio.com/listings/images/rl-134952465__0__720.jpg,Kocaeli,Turkey,,,5726.0,1481909,https://www.century21global.com/en/p/kocaeli-turkey--rl-134952465
"Home For Sale, Kocaeli Turkey",Home at Kocaeli Turkey.,https://assets.xomio.com/listings/images/rl-134794099__0__720.jpg,Kocaeli,Turkey,,,,1478055,https://www.century21global.com/en/p/kocaeli-turkey--rl-134794099
"Single Family House For Sale, İstanbul-Anadolu Turkey","Single Family House at İstanbul-Anadolu Turkey With 5 bedrooms, 3 bathrooms.",https://assets.xomio.com/listings/images/rl-133285426__0__720.jpg,İstanbul-Anadolu,Turkey,5.0,3.0,360.0,1423419,https://www.century21global.com/en/p/i̇stanbul-anadolu-turkey--rl-133285426
"Home For Sale, Ankara Turkey","Home at Ankara Turkey With 2 bedrooms, 0 bathrooms.",https://assets.xomio.com/listings/images/rl-134117722__0__720.jpg,Ankara,Turkey,2.0,0.0,164.0,1466553,https://www.century21global.com/en/p/ankara-turkey--rl-134117722
"Single Family House For Sale, Mugla Turkey","Single Family House at Mugla Turkey With 3 bedrooms, 3 bathrooms, parking lot.",https://assets.xomio.com/listings/images/rl-134710839__0__720.jpg,Mugla,Turkey,3.0,3.0,183.0,1466553,https://www.century21global.com/en/p/muğla-turkey--rl-134710839
"Home For Sale, Ankara Turkey",Home at Ankara Turkey.,https://assets.xomio.com/listings/images/rl-134462176__0__720.jpg,Ankara,Turkey,,,32000.0,1437797,https://www.century21global.com/en/p/ankara-turkey--rl-134462176
"Home For Sale, Sakarya Turkey",Home at Sakarya Turkey.,https://assets.xomio.com/listings/images/rl-134926268__0__720.jpg,Sakarya,Turkey,,,2484.0,1437797,https://www.century21global.com/en/p/sakarya-turkey--rl-134926268
"Home For Sale, İstanbul-Avrupa Turkey","Home at İstanbul-Avrupa Turkey With 3 bedrooms, 2 bathrooms.",https://assets.xomio.com/listings/images/rl-134714651__0__720.jpg,İstanbul-Avrupa,Turkey,3.0,2.0,150.0,1430608,https://www.century21global.com/en/p/i̇stanbul-avrupa-turkey--rl-134714651
"Condominium/Co-Op For Sale, İstanbul-Avrupa Turkey","Condominium/Co-Op at İstanbul-Avrupa Turkey With 3 bedrooms, 0 bathrooms.",https://assets.xomio.com/listings/images/rl-134381230__0__720.jpg,İstanbul-Avrupa,Turkey,3.0,0.0,125.0,1430608,https://www.century21global.com/en/p/i̇stanbul-avrupa-turkey--rl-134381230
"Home For Sale, İstanbul-Avrupa Turkey",Home at İstanbul-Avrupa Turkey.,https://assets.xomio.com/listings/images/rl-134439406__0__720.jpg,İstanbul-Avrupa,Turkey,,,150.0,1423419,https://www.century21global.com/en/p/i̇stanbul-avrupa-turkey--rl-134439406
"Home For Sale, Ankara Turkey","Home at Ankara Turkey With 4 bedrooms, 0 bathrooms.",https://assets.xomio.com/listings/images/rl-134908547__0__720.jpg,Ankara,Turkey,4.0,0.0,326.0,1409041,https://www.century21global.com/en/p/ankara-turkey--rl-134908547
"Home For Sale, İstanbul-Avrupa 34450 Turkey","Home at İstanbul-Avrupa 34450 Turkey With 5 bedrooms, 3 bathrooms, City View, Park or Green Belt View, parking lot, Number of parking spaces.",https://assets.xomio.com/listings/images/rl-134997336__0__720.jpg,İstanbul-Avrupa,Turkey,5.0,3.0,320.0,1409041,https://www.century21global.com/en/p/i̇stanbul-avrupa-34450-turkey--rl-134997336
"Home For Sale, Ankara Turkey",Home at Ankara Turkey.,https://assets.xomio.com/listings/images/rl-133257613__0__720.jpg,Ankara,Turkey,,,65347.0,1396676,https://www.century21global.com/en/p/ankara-turkey--rl-133257613
"Home For Sale, Trabzon Turkey",Home at Trabzon Turkey.,https://assets.xomio.com/listings/images/rl-133443075__0__720.jpg,Trabzon,Turkey,,,,1351529,https://www.century21global.com/en/p/trabzon-turkey--rl-133443075
"Home For Sale, Antalya Turkey",Home at Antalya Turkey.,https://assets.xomio.com/listings/images/rl-134945776__0__720.jpg,Antalya,Turkey,,,550.0,1344053,https://www.century21global.com/en/p/antalya-turkey--rl-134945776
"Home For Sale, Izmir Turkey","Home at Izmir Turkey With 10 bedrooms, 5 bathrooms, parking lot.",https://assets.xomio.com/listings/images/rl-134963655__0__720.jpg,Izmir,Turkey,10.0,5.0,508.0,1322773,https://www.century21global.com/en/p/i̇zmir-turkey--rl-134963655
"Home For Sale, Balıkesir Turkey",Home at Balıkesir Turkey.,https://assets.xomio.com/listings/images/rl-134254286__0__720.jpg,Balıkesir,Turkey,,,887.0,1322773,https://www.century21global.com/en/p/balıkesir-turkey--rl-134254286
"Home For Sale, Mugla Turkey","Home at Mugla Turkey With 4 bedrooms, 2 bathrooms, Pool View, parking lot.",https://assets.xomio.com/listings/images/rl-133915622__0__720.jpg,Mugla,Turkey,4.0,2.0,135.0,1294017,https://www.century21global.com/en/p/muğla-turkey--rl-133915622
"Home For Sale, İstanbul-Avrupa Turkey","Home at İstanbul-Avrupa Turkey With 10 bedrooms, 4 bathrooms.",https://assets.xomio.com/listings/images/rl-134799225__0__720.jpg,İstanbul-Avrupa,Turkey,10.0,4.0,850.0,1294017,https://www.century21global.com/en/p/i̇stanbul-avrupa-turkey--rl-134799225
"Home For Sale, Çanakkale Turkey",Home at Çanakkale Turkey.,https://assets.xomio.com/listings/images/rl-134934730__0__720.jpg,Çanakkale,Turkey,,,11400.0,1294017,https://www.century21global.com/en/p/çanakkale-turkey--rl-134934730
"Home For Sale, Kayseri Turkey",Home at Kayseri Turkey.,https://assets.xomio.com/listings/images/rl-134780697__0__720.jpg,Kayseri,Turkey,,,5533.0,1294017,https://www.century21global.com/en/p/kayseri-turkey--rl-134780697
"Home For Sale, İstanbul-Avrupa 34450 Turkey","Home at İstanbul-Avrupa 34450 Turkey With 5 bedrooms, 4 bathrooms, Park or Green Belt View, parking lot, Number of parking spaces.",https://assets.xomio.com/listings/images/rl-135005772__0__720.jpg,İstanbul-Avrupa,Turkey,5.0,4.0,350.0,1294017,https://www.century21global.com/en/p/i̇stanbul-avrupa-34450-turkey--rl-135005772
"Home For Sale, Izmir Turkey","Home at Izmir Turkey With 4 bedrooms, 3 bathrooms, parking lot.",https://assets.xomio.com/listings/images/rl-134616780__0__720.jpg,Izmir,Turkey,4.0,3.0,230.0,1265261,https://www.century21global.com/en/p/i̇zmir-turkey--rl-134616780
"Home For Sale, Mugla Turkey","Home at Mugla Turkey With 5 bedrooms, 3 bathrooms.",https://assets.xomio.com/listings/images/rl-134710846__0__720.jpg,Mugla,Turkey,5.0,3.0,188.0,1265261,https://www.century21global.com/en/p/muğla-turkey--rl-134710846
"Home For Sale, İstanbul-Avrupa Turkey","Home at İstanbul-Avrupa Turkey With 4 bedrooms, 2 bathrooms, Pool View, Park or Green Belt View, Number of parking spaces.",https://assets.xomio.com/listings/images/rl-134524711__0__720.jpg,İstanbul-Avrupa,Turkey,4.0,2.0,230.0,1262386,https://www.century21global.com/en/p/i̇stanbul-avrupa-turkey--rl-134524711
"Home For Sale, İstanbul-Avrupa Turkey","Home at İstanbul-Avrupa Turkey With 6 bedrooms, 0 bathrooms.",https://assets.xomio.com/listings/images/rl-134942693__0__720.jpg,İstanbul-Avrupa,Turkey,6.0,0.0,160.0,1258072,https://www.century21global.com/en/p/i̇stanbul-avrupa-turkey--rl-134942693
"Home For Sale, Mugla Turkey",Home at Mugla Turkey.,https://assets.xomio.com/listings/images/rl-135005777__0__720.jpg,Mugla,Turkey,,,130.0,1260948,https://www.century21global.com/en/p/muğla-turkey--rl-135005777
"Home For Sale, İstanbul-Anadolu Turkey","Home at İstanbul-Anadolu Turkey With 4 bedrooms, 3 bathrooms, City View, Number of parking spaces.",https://assets.xomio.com/listings/images/rl-134035153__0__720.jpg,İstanbul-Anadolu,Turkey,4.0,3.0,190.0,1250883,https://www.century21global.com/en/p/i̇stanbul-anadolu-turkey--rl-134035153
"Home For Sale, Ankara Turkey",Home at Ankara Turkey.,https://assets.xomio.com/listings/images/rl-134108550__0__720.jpg,Ankara,Turkey,,,,1236505,https://www.century21global.com/en/p/ankara-turkey--rl-134108550
"Home For Sale, Antalya Turkey",Home at Antalya Turkey.,https://assets.xomio.com/listings/images/rl-134403096__0__720.jpg,Antalya,Turkey,,,3773.0,1225003,https://www.century21global.com/en/p/antalya-turkey--rl-134403096
"Home For Sale, İstanbul-Anadolu Turkey",Home at İstanbul-Anadolu Turkey.,https://assets.xomio.com/listings/images/rl-132453977__0__720.jpg,İstanbul-Anadolu,Turkey,,,,1222128,https://www.century21global.com/en/p/i̇stanbul-anadolu-turkey--rl-132453977
"Condominium/Co-Op For Sale, İstanbul-Anadolu Turkey","Condominium/Co-Op at İstanbul-Anadolu Turkey With 5 bedrooms, 2 bathrooms, Sea View, City View, parking lot, Number of parking spaces.",https://assets.xomio.com/listings/images/rl-132452837__0__720.jpg,İstanbul-Anadolu,Turkey,5.0,2.0,225.0,1222128,https://www.century21global.com/en/p/i̇stanbul-anadolu-turkey--rl-132452837
"Home For Sale, İstanbul-Avrupa 34408 Turkey",Home at İstanbul-Avrupa 34408 Turkey.,https://assets.xomio.com/listings/images/rl-134675255__0__720.jpg,İstanbul-Avrupa,Turkey,,,,1222128,https://www.century21global.com/en/p/i̇stanbul-avrupa-34408-turkey--rl-134675255
"Home For Sale, Ankara Turkey","Home at Ankara Turkey With one bedroom, 0 bathrooms.",https://assets.xomio.com/listings/images/rl-133276126__0__720.jpg,Ankara,Turkey,1.0,0.0,600.0,1222128,https://www.century21global.com/en/p/ankara-turkey--rl-133276126
"Home For Sale, Sakarya Turkey","Home at Sakarya Turkey With 6 bedrooms, 0 bathrooms.",https://assets.xomio.com/listings/images/rl-133514860__0__720.jpg,Sakarya,Turkey,6.0,0.0,410.0,1207750,https://www.century21global.com/en/p/sakarya-turkey--rl-133514860
"Home For Sale, Antalya Turkey",Home at Antalya Turkey.,https://assets.xomio.com/listings/images/rl-133803264__0__720.jpg,Antalya,Turkey,,,10124.0,1193372,https://www.century21global.com/en/p/antalya-turkey--rl-133803264
"Home For Sale, Balıkesir Turkey",Home at Balıkesir Turkey.,https://assets.xomio.com/listings/images/rl-134481241__0__720.jpg,Balıkesir,Turkey,,,29012.0,1193372,https://www.century21global.com/en/p/balıkesir-turkey--rl-134481241
"Home For Sale, Mugla 48400 Turkey","Home at Mugla 48400 Turkey With 4 bedrooms, 2 bathrooms, parking lot.",https://assets.xomio.com/listings/images/rl-134422116__0__720.jpg,Mugla,Turkey,4.0,2.0,225.0,1193372,https://www.century21global.com/en/p/muğla-48400-turkey--rl-134422116
"Home For Sale, Ankara Turkey",Home at Ankara Turkey.,https://assets.xomio.com/listings/images/rl-134814425__0__720.jpg,Ankara,Turkey,,,,1178994,https://www.century21global.com/en/p/ankara-turkey--rl-134814425
,,,,,,,,,
"Home For Sale, Bolu Turkey",Home at Bolu Turkey.,https://assets.xomio.com/listings/images/rl-134912747__0__720.jpg,Bolu,Turkey,,,370.0,1178994,https://www.century21global.com/en/p/bolu-turkey--rl-134912747
"Home For Sale, İstanbul-Avrupa Turkey","Home at İstanbul-Avrupa Turkey With one bedroom, 0 bathrooms.",https://assets.xomio.com/listings/images/rl-134718770__0__720.jpg,İstanbul-Avrupa,Turkey,1.0,0.0,410.0,1150238,https://www.century21global.com/en/p/i̇stanbul-avrupa-turkey--rl-134718770
"Home For Sale, İstanbul-Anadolu Turkey",Home at İstanbul-Anadolu Turkey.,https://assets.xomio.com/listings/images/rl-132883545__0__720.jpg,İstanbul-Anadolu,Turkey,,,3.0,1150238,https://www.century21global.com/en/p/i̇stanbul-anadolu-turkey--rl-132883545
"Home For Sale, İstanbul-Anadolu Turkey",Home at İstanbul-Anadolu Turkey.,https://assets.xomio.com/listings/images/rl-134899663__0__720.jpg,İstanbul-Anadolu,Turkey,,,385.0,1150238,https://www.century21global.com/en/p/i̇stanbul-anadolu-turkey--rl-134899663
"Single Family House For Sale, Mugla Turkey","Single Family House at Mugla Turkey With 4 bedrooms, 3 bathrooms, Sea View, parking lot.",https://assets.xomio.com/listings/images/rl-134476581__0__720.jpg,Mugla,Turkey,4.0,3.0,171.0,1148800,https://www.century21global.com/en/p/muğla-turkey--rl-134476581
"Home For Sale, Mugla Turkey","Home at Mugla Turkey With 4 bedrooms, 2 bathrooms, Pool View, Park or Green Belt View, parking lot.",https://assets.xomio.com/listings/images/rl-133599765__0__720.jpg,Mugla,Turkey,4.0,2.0,215.0,1150238,https://www.century21global.com/en/p/muğla-turkey--rl-133599765
"Home For Sale, Bursa Turkey",Home at Bursa Turkey.,https://assets.xomio.com/listings/images/rl-134847555__0__720.jpg,Bursa,Turkey,,,4901.0,1135860,https://www.century21global.com/en/p/bursa-turkey--rl-134847555
"Home For Sale, İstanbul-Avrupa Turkey","Home at İstanbul-Avrupa Turkey With 4 bedrooms, 3 bathrooms, Park or Green Belt View, parking lot.",https://assets.xomio.com/listings/images/rl-134620159__0__720.jpg,İstanbul-Avrupa,Turkey,4.0,3.0,260.0,1135860,https://www.century21global.com/en/p/i̇stanbul-avrupa-turkey--rl-134620159
"Home For Sale, İstanbul-Anadolu Turkey","Home at İstanbul-Anadolu Turkey With 3 bedrooms, 2 bathrooms, Sea View, Park View, City View, Park or Green Belt View, parking lot, Number of parking spaces.",https://assets.xomio.com/listings/images/rl-134855958__0__720.jpg,İstanbul-Anadolu,Turkey,3.0,2.0,134.0,1135860,https://www.century21global.com/en/p/i̇stanbul-anadolu-turkey--rl-134855958
"Home For Sale, Antalya Turkey",Home at Antalya Turkey.,https://assets.xomio.com/listings/images/rl-134876887__0__720.jpg,Antalya,Turkey,,,432.0,1121482,https://www.century21global.com/en/p/antalya-turkey--rl-134876887
"Home For Sale, Balıkesir Turkey","Home at Balıkesir Turkey With 3 bedrooms, one bathroom, parking lot.",https://assets.xomio.com/listings/images/rl-134506850__0__720.jpg,Balıkesir,Turkey,3.0,1.0,,1121482,https://www.century21global.com/en/p/balıkesir-turkey--rl-134506850
"Home For Sale, Izmir Turkey",Home at Izmir Turkey.,https://assets.xomio.com/listings/images/rl-134629174__0__720.jpg,Izmir,Turkey,,,7.0,1121482,https://www.century21global.com/en/p/i̇zmir-turkey--rl-134629174
"Home For Sale, Ankara Turkey","Home at Ankara Turkey With 2 bedrooms, 0 bathrooms.",https://assets.xomio.com/listings/images/rl-134108541__0__720.jpg,Ankara,Turkey,2.0,0.0,,1107104,https://www.century21global.com/en/p/ankara-turkey--rl-134108541
"Home For Sale, Sakarya Turkey","Home at Sakarya Turkey With 6 bedrooms, 2 bathrooms.",https://assets.xomio.com/listings/images/rl-134726598__0__720.jpg,Sakarya,Turkey,6.0,2.0,410.0,1092726,https://www.century21global.com/en/p/sakarya-turkey--rl-134726598
"Home For Sale, Mugla Turkey","Home at Mugla Turkey With 4 bedrooms, 4 bathrooms, parking lot.",https://assets.xomio.com/listings/images/rl-134176383__0__720.jpg,Mugla,Turkey,4.0,4.0,165.0,1092726,https://www.century21global.com/en/p/muğla-turkey--rl-134176383
"Home For Sale, Trabzon Turkey",Home at Trabzon Turkey.,https://assets.xomio.com/listings/images/rl-134510242__0__720.jpg,Trabzon,Turkey,,,2183.0,1091288,https://www.century21global.com/en/p/trabzon-turkey--rl-134510242
"Home For Sale, Mugla Turkey","Home at Mugla Turkey With 3 bedrooms, 3 bathrooms, Sea View.",https://assets.xomio.com/listings/images/rl-134259181__0__720.jpg,Mugla,Turkey,3.0,3.0,92.0,1078348,https://www.century21global.com/en/p/muğla-turkey--rl-134259181
"Home For Sale, Ankara Turkey",Home at Ankara Turkey.,https://assets.xomio.com/listings/images/rl-134832113__0__720.jpg,Ankara,Turkey,,,260000.0,1084995,https://www.century21global.com/en/p/ankara-turkey--rl-134832113
"Home For Sale, Ankara 6830 Turkey",Home at Ankara 6830 Turkey.,https://assets.xomio.com/listings/images/rl-134876857__0__720.jpg,Ankara,Turkey,,,780.0,1063970,https://www.century21global.com/en/p/ankara-6830-turkey--rl-134876857
"Home For Sale, Mugla Turkey",Home at Mugla Turkey.,https://assets.xomio.com/listings/images/rl-133403635__0__720.jpg,Mugla,Turkey,,,31130.0,1063970,https://www.century21global.com/en/p/muğla-turkey--rl-133403635
"Single Family House For Sale, Mugla 48400 Turkey","Single Family House at Mugla 48400 Turkey With 4 bedrooms, 3 bathrooms, parking lot.",https://assets.xomio.com/listings/images/rl-134502874__0__720.jpg,Mugla,Turkey,4.0,3.0,250.0,1061094,https://www.century21global.com/en/p/muğla-48400-turkey--rl-134502874
"Home For Sale, Mugla Turkey",Home at Mugla Turkey.,https://assets.xomio.com/listings/images/rl-133915631__0__720.jpg,Mugla,Turkey,,,1400.0,1058531,https://www.century21global.com/en/p/muğla-turkey--rl-133915631
"Home For Sale, Tekirdağ 59860 Turkey",Home at Tekirdağ 59860 Turkey.,https://assets.xomio.com/listings/images/rl-134520630__0__720.jpg,Tekirdağ,Turkey,,,400.0,1035214,https://www.century21global.com/en/p/tekirdağ-59860-turkey--rl-134520630
"Home For Sale, İstanbul-Anadolu Turkey",Home at İstanbul-Anadolu Turkey.,https://assets.xomio.com/listings/images/rl-134773742__0__720.jpg,İstanbul-Anadolu,Turkey,,,270.0,1035214,https://www.century21global.com/en/p/i̇stanbul-anadolu-turkey--rl-134773742
"Home For Sale, Rize Turkey",Home at Rize Turkey.,https://assets.xomio.com/listings/images/rl-134502861__0__720.jpg,Rize,Turkey,,,3000.0,1035214,https://www.century21global.com/en/p/rize-turkey--rl-134502861
"Home For Sale, Izmir Turkey","Home at Izmir Turkey With 4 bedrooms, 0 bathrooms.",https://assets.xomio.com/listings/images/rl-134809534__0__720.jpg,Izmir,Turkey,4.0,0.0,287.0,1006458,https://www.century21global.com/en/p/i̇zmir-turkey--rl-134809534
"Home For Sale, Izmir Turkey","Home at Izmir Turkey With 4 bedrooms, 5 bathrooms, Park View, Pool View, Park or Green Belt View, parking lot, Number of parking spaces.",https://assets.xomio.com/listings/images/rl-134254289__0__720.jpg,Izmir,Turkey,4.0,5.0,180.0,1006458,https://www.century21global.com/en/p/i̇zmir-turkey--rl-134254289
"Home For Sale, Sakarya Turkey","Home at Sakarya Turkey With 5 bedrooms, 0 bathrooms.",https://assets.xomio.com/listings/images/rl-133514886__0__720.jpg,Sakarya,Turkey,5.0,0.0,310.0,1006458,https://www.century21global.com/en/p/sakarya-turkey--rl-133514886
"Home For Sale, Antalya Turkey",Home at Antalya Turkey With parking lot.,https://assets.xomio.com/listings/images/rl-134876877__0__720.jpg,Antalya,Turkey,,,,1006458,https://www.century21global.com/en/p/antalya-turkey--rl-134876877
"Single Family House For Sale, İstanbul-Anadolu Turkey","Single Family House at İstanbul-Anadolu Turkey With 6 bedrooms, 6 bathrooms.",https://assets.xomio.com/listings/images/rl-133253316__0__720.jpg,İstanbul-Anadolu,Turkey,6.0,6.0,350.0,1006458,https://www.century21global.com/en/p/i̇stanbul-anadolu-turkey--rl-133253316
"Home For Sale, Balıkesir 10360 Turkey","Home at Balıkesir 10360 Turkey With 16 bedrooms, 0 bathrooms.",https://assets.xomio.com/listings/images/rl-134429060__0__720.jpg,Balıkesir,Turkey,16.0,0.0,500.0,1006458,https://www.century21global.com/en/p/balıkesir-10360-turkey--rl-134429060
"Home For Sale, İstanbul-Anadolu Turkey","Home at İstanbul-Anadolu Turkey With 4 bedrooms, 2 bathrooms, Park View, City View, Park or Green Belt View, Number of parking spaces.",https://assets.xomio.com/listings/images/rl-134156712__0__720.jpg,İstanbul-Anadolu,Turkey,4.0,2.0,320.0,1006458,https://www.century21global.com/en/p/i̇stanbul-anadolu-turkey--rl-134156712
"Home For Sale, Bursa 16110 Turkey",Home at Bursa 16110 Turkey.,https://assets.xomio.com/listings/images/rl-134926312__0__720.jpg,Bursa,Turkey,,,6.0,1006458,https://www.century21global.com/en/p/bursa-16110-turkey--rl-134926312
"Home For Sale, Mugla 48200 Turkey",Home at Mugla 48200 Turkey.,https://assets.xomio.com/listings/images/rl-134567365__0__720.jpg,Mugla,Turkey,,,110.0,1006458,https://www.century21global.com/en/p/muğla-48200-turkey--rl-134567365
"Home For Sale, Mugla 48400 Turkey","Home at Mugla 48400 Turkey With 3 bedrooms, 2 bathrooms, Sea View, parking lot, Number of parking spaces.",https://assets.xomio.com/listings/images/rl-134648110__0__720.jpg,Mugla,Turkey,3.0,2.0,200.0,1006458,https://www.century21global.com/en/p/muğla-48400-turkey--rl-134648110
"Single Family House For Sale, Izmir Turkey","Single Family House at Izmir Turkey With 4 bedrooms, 3 bathrooms, Mountain View, Sea View, Park View, Park or Green Belt View, parking lot, Number of parking spaces.",https://assets.xomio.com/listings/images/rl-132453620__0__720.jpg,Izmir,Turkey,4.0,3.0,505.0,1005020,https://www.century21global.com/en/p/i̇zmir-turkey--rl-132453620
"Home For Sale, Mugla Turkey",Home at Mugla Turkey.,https://assets.xomio.com/listings/images/rl-135005760__0__720.jpg,Mugla,Turkey,,,149.0,997831,https://www.century21global.com/en/p/muğla-turkey--rl-135005760
"Home For Sale, Mugla Turkey",Home at Mugla Turkey.,https://assets.xomio.com/listings/images/rl-134520601__0__720.jpg,Mugla,Turkey,,,2815.0,1005605,https://www.century21global.com/en/p/muğla-turkey--rl-134520601
"Home For Sale, İstanbul-Anadolu Turkey","Home at İstanbul-Anadolu Turkey With 4 bedrooms, 2 bathrooms, Number of parking spaces.",https://assets.xomio.com/listings/images/rl-134044252__0__720.jpg,İstanbul-Anadolu,Turkey,4.0,2.0,125.0,983453,https://www.century21global.com/en/p/i̇stanbul-anadolu-turkey--rl-134044252
"Home For Sale, Kocaeli Turkey",Home at Kocaeli Turkey.,https://assets.xomio.com/listings/images/rl-133915630__0__720.jpg,Kocaeli,Turkey,,,,977702,https://www.century21global.com/en/p/kocaeli-turkey--rl-133915630
,,,,,,,,,
"Condominium/Co-Op For Sale, İstanbul-Avrupa 34450 Turkey","Condominium/Co-Op at İstanbul-Avrupa 34450 Turkey With 5 bedrooms, 3 bathrooms, Park or Green Belt View, parking lot, Number of parking spaces.",https://assets.xomio.com/listings/images/rl-133756934__0__720.jpg,İstanbul-Avrupa,Turkey,5.0,3.0,260.0,977702,https://www.century21global.com/en/p/i̇stanbul-avrupa-34450-turkey--rl-133756934
"Home For Sale, İstanbul-Avrupa Turkey","Home at İstanbul-Avrupa Turkey With one bedroom, 0 bathrooms.",https://assets.xomio.com/listings/images/rl-134648126__0__720.jpg,İstanbul-Avrupa,Turkey,1.0,0.0,70.0,977702,https://www.century21global.com/en/p/i̇stanbul-avrupa-turkey--rl-134648126
"Home For Sale, Trabzon Turkey","Home at Trabzon Turkey With 9 bedrooms, 0 bathrooms.",https://assets.xomio.com/listings/images/rl-134926275__0__720.jpg,Trabzon,Turkey,9.0,0.0,500.0,969737,https://www.century21global.com/en/p/trabzon-turkey--rl-134926275
"Home For Sale, Denizli Turkey",Home at Denizli Turkey.,https://assets.xomio.com/listings/images/rl-134926262__0__720.jpg,Denizli,Turkey,,,786.0,963324,https://www.century21global.com/en/p/denizli-turkey--rl-134926262
"Home For Sale, Denizli Turkey",Home at Denizli Turkey.,https://assets.xomio.com/listings/images/rl-134876866__0__720.jpg,Denizli,Turkey,,,33215.0,954697,https://www.century21global.com/en/p/denizli-turkey--rl-134876866
"Home For Sale, Bolu Turkey",Home at Bolu Turkey.,https://assets.xomio.com/listings/images/rl-134744099__0__720.jpg,Bolu,Turkey,,,26920.0,948946,https://www.century21global.com/en/p/bolu-turkey--rl-134744099
"Home For Sale, İstanbul-Anadolu Turkey",Home at İstanbul-Anadolu Turkey.,https://assets.xomio.com/listings/images/rl-134494774__0__720.jpg,İstanbul-Anadolu,Turkey,,,,948946,https://www.century21global.com/en/p/i̇stanbul-anadolu-turkey--rl-134494774
"Home For Sale, Aydın Turkey",Home at Aydın Turkey.,https://assets.xomio.com/listings/images/rl-134809568__0__720.jpg,Aydın,Turkey,,,10917.0,948946,https://www.century21global.com/en/p/aydın-turkey--rl-134809568
"Home For Sale, Kocaeli Turkey",Home at Kocaeli Turkey.,https://assets.xomio.com/listings/images/rl-134422103__0__720.jpg,Kocaeli,Turkey,,,,948946,https://www.century21global.com/en/p/kocaeli-turkey--rl-134422103
"Home For Sale, İstanbul-Anadolu Turkey",Home at İstanbul-Anadolu Turkey.,https://assets.xomio.com/listings/images/rl-133775062__0__720.jpg,İstanbul-Anadolu,Turkey,,,900.0,948946,https://www.century21global.com/en/p/i̇stanbul-anadolu-turkey--rl-133775062
"Home For Sale, Tekirdağ Turkey",Home at Tekirdağ Turkey.,https://assets.xomio.com/listings/images/rl-134718774__0__720.jpg,Tekirdağ,Turkey,,,824.0,948946,https://www.century21global.com/en/p/tekirdağ-turkey--rl-134718774
"Home For Sale, İstanbul-Anadolu Turkey","Home at İstanbul-Anadolu Turkey With 4 bedrooms, 2 bathrooms, Number of parking spaces.",https://assets.xomio.com/listings/images/rl-134648157__0__720.jpg,İstanbul-Anadolu,Turkey,4.0,2.0,160.0,934568,https://www.century21global.com/en/p/i̇stanbul-anadolu-turkey--rl-134648157
"Home For Sale, İstanbul-Avrupa Turkey",Home at İstanbul-Avrupa Turkey.,https://assets.xomio.com/listings/images/rl-134004401__0__720.jpg,İstanbul-Avrupa,Turkey,,,220.0,934568,https://www.century21global.com/en/p/i̇stanbul-avrupa-turkey--rl-134004401
"Home For Sale, İstanbul-Anadolu Turkey","Home at İstanbul-Anadolu Turkey With 4 bedrooms, 2 bathrooms, Sea View, Park View, City View, Park or Green Belt View, parking lot, Number of parking spaces.",https://assets.xomio.com/listings/images/rl-134889988__0__720.jpg,İstanbul-Anadolu,Turkey,4.0,2.0,166.0,934568,https://www.century21global.com/en/p/i̇stanbul-anadolu-turkey--rl-134889988
"Home For Sale, Ankara Turkey",Home at Ankara Turkey.,https://assets.xomio.com/listings/images/rl-134524732__0__720.jpg,Ankara,Turkey,,,86.0,930594,https://www.century21global.com/en/p/ankara-turkey--rl-134524732
"Home For Sale, İstanbul-Anadolu Turkey","Home at İstanbul-Anadolu Turkey With 6 bedrooms, 2 bathrooms.",https://assets.xomio.com/listings/images/rl-134855955__0__720.jpg,İstanbul-Anadolu,Turkey,6.0,2.0,330.0,920190,https://www.century21global.com/en/p/i̇stanbul-anadolu-turkey--rl-134855955
"Home For Sale, İstanbul-Anadolu Turkey",Home at İstanbul-Anadolu Turkey.,https://assets.xomio.com/listings/images/rl-134952440__0__720.jpg,İstanbul-Anadolu,Turkey,,,1390.0,920190,https://www.century21global.com/en/p/i̇stanbul-anadolu-turkey--rl-134952440
"Home For Sale, Izmir Turkey","Home at Izmir Turkey With 4 bedrooms, 4 bathrooms.",https://assets.xomio.com/listings/images/rl-134061703__0__720.jpg,Izmir,Turkey,4.0,4.0,200.0,920190,https://www.century21global.com/en/p/i̇zmir-turkey--rl-134061703
"Home For Sale, İstanbul-Avrupa Turkey",Home at İstanbul-Avrupa Turkey.,https://assets.xomio.com/listings/images/rl-134403127__0__720.jpg,İstanbul-Avrupa,Turkey,,,594.0,920190,https://www.century21global.com/en/p/i̇stanbul-avrupa-turkey--rl-134403127
"Home For Sale, Bursa Turkey",Home at Bursa Turkey.,https://assets.xomio.com/listings/images/rl-132992380__0__720.jpg,Bursa,Turkey,,,13.0,920190,https://www.century21global.com/en/p/bursa-turkey--rl-132992380
"Single Family House For Sale, Mugla Turkey","Single Family House at Mugla Turkey With 6 bedrooms, 5 bathrooms, Park or Green Belt View.",https://assets.xomio.com/listings/images/rl-134955983__0__720.jpg,Mugla,Turkey,6.0,5.0,250.0,920190,https://www.century21global.com/en/p/muğla-turkey--rl-134955983
"Home For Sale, Çanakkale Turkey",Home at Çanakkale Turkey.,https://assets.xomio.com/listings/images/rl-132596909__0__720.jpg,Çanakkale,Turkey,,,,905812,https://www.century21global.com/en/p/çanakkale-turkey--rl-132596909
"Home For Sale, Trabzon Turkey","Home at Trabzon Turkey With 5 bedrooms, 4 bathrooms, Sea View, Park View, City View, Park or Green Belt View.",https://assets.xomio.com/listings/images/rl-132453450__0__720.jpg,Trabzon,Turkey,5.0,4.0,400.0,905812,https://www.century21global.com/en/p/trabzon-turkey--rl-132453450
"Home For Sale, İstanbul-Avrupa Turkey",Home at İstanbul-Avrupa Turkey.,https://assets.xomio.com/listings/images/rl-134468326__0__720.jpg,İstanbul-Avrupa,Turkey,,,,905812,https://www.century21global.com/en/p/i̇stanbul-avrupa-turkey--rl-134468326
"Home For Sale, Bursa Turkey",Home at Bursa Turkey.,https://assets.xomio.com/listings/images/rl-134009346__0__720.jpg,Bursa,Turkey,,,1200.0,905812,https://www.century21global.com/en/p/bursa-turkey--rl-134009346
"Single Family House For Sale, İstanbul-Anadolu Turkey","Single Family House at İstanbul-Anadolu Turkey With 5 bedrooms, 2 bathrooms.",https://assets.xomio.com/listings/images/rl-134263825__0__720.jpg,İstanbul-Anadolu,Turkey,5.0,2.0,125.0,891434,https://www.century21global.com/en/p/i̇stanbul-anadolu-turkey--rl-134263825
"Condominium/Co-Op For Sale, Mugla Turkey","Condominium/Co-Op at Mugla Turkey With 5 bedrooms, 5 bathrooms, parking lot.",https://assets.xomio.com/listings/images/rl-133750390__0__720.jpg,Mugla,Turkey,5.0,5.0,390.0,891434,https://www.century21global.com/en/p/muğla-turkey--rl-133750390
"Home For Sale, İstanbul-Anadolu Turkey",Home at İstanbul-Anadolu Turkey.,https://assets.xomio.com/listings/images/rl-134616778__0__720.jpg,İstanbul-Anadolu,Turkey,,,1050.0,862678,https://www.century21global.com/en/p/i̇stanbul-anadolu-turkey--rl-134616778
"Home For Sale, İstanbul-Anadolu Turkey","Home at İstanbul-Anadolu Turkey With 4 bedrooms, 3 bathrooms, parking lot, Number of parking spaces.",https://assets.xomio.com/listings/images/rl-134557537__0__720.jpg,İstanbul-Anadolu,Turkey,4.0,3.0,424.0,862678,https://www.century21global.com/en/p/i̇stanbul-anadolu-turkey--rl-134557537
"Home For Sale, İstanbul-Avrupa Turkey",Home at İstanbul-Avrupa Turkey.,https://assets.xomio.com/listings/images/rl-134952481__0__720.jpg,İstanbul-Avrupa,Turkey,,,110.0,862678,https://www.century21global.com/en/p/i̇stanbul-avrupa-turkey--rl-134952481
"Home For Sale, İstanbul-Avrupa Turkey","Home at İstanbul-Avrupa Turkey With one bedroom, 0 bathrooms.",https://assets.xomio.com/listings/images/rl-134718787__0__720.jpg,İstanbul-Avrupa,Turkey,1.0,0.0,290.0,862678,https://www.century21global.com/en/p/i̇stanbul-avrupa-turkey--rl-134718787
"Home For Sale, İstanbul-Anadolu Turkey","Home at İstanbul-Anadolu Turkey With 4 bedrooms, 2 bathrooms, Number of parking spaces.",https://assets.xomio.com/listings/images/rl-134195138__0__720.jpg,İstanbul-Anadolu,Turkey,4.0,2.0,160.0,862678,https://www.century21global.com/en/p/i̇stanbul-anadolu-turkey--rl-134195138
"Home For Sale, İstanbul-Anadolu Turkey","Home at İstanbul-Anadolu Turkey With 5 bedrooms, 0 bathrooms.",https://assets.xomio.com/listings/images/rl-134794127__0__720.jpg,İstanbul-Anadolu,Turkey,5.0,0.0,265.0,862678,https://www.century21global.com/en/p/i̇stanbul-anadolu-turkey--rl-134794127
"Home For Sale, İstanbul-Anadolu Turkey","Home at İstanbul-Anadolu Turkey With 4 bedrooms, 0 bathrooms.",https://assets.xomio.com/listings/images/rl-134237725__0__720.jpg,İstanbul-Anadolu,Turkey,4.0,0.0,317.0,862678,https://www.century21global.com/en/p/i̇stanbul-anadolu-turkey--rl-134237725
"Home For Sale, Kocaeli 41295 Turkey","Home at Kocaeli 41295 Turkey With 3 bedrooms, 2 bathrooms, parking lot.",https://assets.xomio.com/listings/images/rl-134611864__0__720.jpg,Kocaeli,Turkey,3.0,2.0,200.0,862678,https://www.century21global.com/en/p/kocaeli-41295-turkey--rl-134611864
"Home For Sale, İstanbul-Avrupa 34450 Turkey","Home at İstanbul-Avrupa 34450 Turkey With 3 bedrooms, 2 bathrooms, Park or Green Belt View, parking lot.",https://assets.xomio.com/listings/images/rl-134072262__0__720.jpg,İstanbul-Avrupa,Turkey,3.0,2.0,200.0,862678,https://www.century21global.com/en/p/i̇stanbul-avrupa-34450-turkey--rl-134072262
"Home For Sale, Ankara Turkey","Home at Ankara Turkey With one bedroom, 0 bathrooms.",https://assets.xomio.com/listings/images/rl-133514870__0__720.jpg,Ankara,Turkey,1.0,0.0,350.0,861240,https://www.century21global.com/en/p/ankara-turkey--rl-133514870
"Home For Sale, Mugla 48470 Turkey","Home at Mugla 48470 Turkey With 5 bedrooms, 5 bathrooms.",https://assets.xomio.com/listings/images/rl-134818912__0__720.jpg,Mugla,Turkey,5.0,5.0,270.0,859803,https://www.century21global.com/en/p/muğla-48470-turkey--rl-134818912
"Condominium/Co-Op For Sale, Mugla Turkey","Condominium/Co-Op at Mugla Turkey With 5 bedrooms, 0 bathrooms.",https://assets.xomio.com/listings/images/rl-134828786__0__720.jpg,Mugla,Turkey,5.0,0.0,270.0,859803,https://www.century21global.com/en/p/muğla-turkey--rl-134828786
"Home For Sale, Mugla Turkey",Home at Mugla Turkey.,https://assets.xomio.com/listings/images/rl-134842842__0__720.jpg,Mugla,Turkey,,,4650.0,848300,https://www.century21global.com/en/p/muğla-turkey--rl-134842842
,,,,,,,,,
"Home For Sale, İstanbul-Anadolu Turkey",Home at İstanbul-Anadolu Turkey.,https://assets.xomio.com/listings/images/rl-134506817__0__720.jpg,İstanbul-Anadolu,Turkey,,,589.0,848300,https://www.century21global.com/en/p/i̇stanbul-anadolu-turkey--rl-134506817
"Home For Sale, Mugla Turkey",Home at Mugla Turkey.,https://assets.xomio.com/listings/images/rl-134575641__0__720.jpg,Mugla,Turkey,,,,848300,https://www.century21global.com/en/p/muğla-turkey--rl-134575641
"Home For Sale, İstanbul-Avrupa Turkey","Home at İstanbul-Avrupa Turkey With 3 bedrooms, 2 bathrooms, Pool View, Park or Green Belt View, Number of parking spaces.",https://assets.xomio.com/listings/images/rl-134524701__0__720.jpg,İstanbul-Avrupa,Turkey,3.0,2.0,126.0,848300,https://www.century21global.com/en/p/i̇stanbul-avrupa-turkey--rl-134524701
"Condominium/Co-Op For Sale, Ankara Turkey","Condominium/Co-Op at Ankara Turkey With 5 bedrooms, 5 bathrooms, City View, parking lot.",https://assets.xomio.com/listings/images/rl-134510268__0__720.jpg,Ankara,Turkey,5.0,5.0,480.0,848300,https://www.century21global.com/en/p/ankara-turkey--rl-134510268
"Home For Sale, İstanbul-Avrupa Turkey",Home at İstanbul-Avrupa Turkey.,https://assets.xomio.com/listings/images/rl-133532289__0__720.jpg,İstanbul-Avrupa,Turkey,,,,848300,https://www.century21global.com/en/p/i̇stanbul-avrupa-turkey--rl-133532289
"Home For Sale, İstanbul-Avrupa Turkey","Home at İstanbul-Avrupa Turkey With one bedroom, 0 bathrooms.",https://assets.xomio.com/listings/images/rl-134394031__0__720.jpg,İstanbul-Avrupa,Turkey,1.0,0.0,300.0,833922,https://www.century21global.com/en/p/i̇stanbul-avrupa-turkey--rl-134394031
"Home For Sale, İstanbul-Anadolu Turkey","Home at İstanbul-Anadolu Turkey With 5 bedrooms, 4 bathrooms, Number of parking spaces.",https://assets.xomio.com/listings/images/rl-133813193__0__720.jpg,İstanbul-Anadolu,Turkey,5.0,4.0,280.0,833922,https://www.century21global.com/en/p/i̇stanbul-anadolu-turkey--rl-133813193
"Home For Sale, Kocaeli Turkey",Home at Kocaeli Turkey.,https://assets.xomio.com/listings/images/rl-134916270__0__720.jpg,Kocaeli,Turkey,,,1684.0,833922,https://www.century21global.com/en/p/kocaeli-turkey--rl-134916270
"Single Family House For Sale, İstanbul-Avrupa 34000 Turkey","Single Family House at İstanbul-Avrupa 34000 Turkey With 3 bedrooms, 4 bathrooms.",https://assets.xomio.com/listings/images/rl-134320525__0__720.jpg,İstanbul-Avrupa,Turkey,3.0,4.0,250.0,833922,https://www.century21global.com/en/p/i̇stanbul-avrupa-34000-turkey--rl-134320525
"Home For Sale, Mugla Turkey","Home at Mugla Turkey With 4 bedrooms, 2 bathrooms, parking lot.",https://assets.xomio.com/listings/images/rl-134696120__0__720.jpg,Mugla,Turkey,4.0,2.0,150.0,833922,https://www.century21global.com/en/p/muğla-turkey--rl-134696120
"Home For Sale, Mugla Turkey","Home at Mugla Turkey With 3 bedrooms, 2 bathrooms, Pool View, Park or Green Belt View, parking lot, Number of parking spaces.",https://assets.xomio.com/listings/images/rl-133219629__0__720.jpg,Mugla,Turkey,3.0,2.0,180.0,833922,https://www.century21global.com/en/p/muğla-turkey--rl-133219629
"Home For Sale, Ankara Turkey","Home at Ankara Turkey With one bedroom, 0 bathrooms.",https://assets.xomio.com/listings/images/rl-134443594__0__720.jpg,Ankara,Turkey,1.0,0.0,320.0,833922,https://www.century21global.com/en/p/ankara-turkey--rl-134443594
"Home For Sale, İstanbul-Anadolu Turkey","Home at İstanbul-Anadolu Turkey With 4 bedrooms, 4 bathrooms, Sea View, City View, parking lot, Number of parking spaces.",https://assets.xomio.com/listings/images/rl-134385823__0__720.jpg,İstanbul-Anadolu,Turkey,4.0,4.0,169.0,833922,https://www.century21global.com/en/p/i̇stanbul-anadolu-turkey--rl-134385823
"Home For Sale, İstanbul-Anadolu Turkey","Home at İstanbul-Anadolu Turkey With 3 bedrooms, 2 bathrooms.",https://assets.xomio.com/listings/images/rl-134722795__0__720.jpg,İstanbul-Anadolu,Turkey,3.0,2.0,,826733,https://www.century21global.com/en/p/i̇stanbul-anadolu-turkey--rl-134722795
"Home For Sale, İstanbul-Anadolu Turkey","Home at İstanbul-Anadolu Turkey With 3 bedrooms, 0 bathrooms.",https://assets.xomio.com/listings/images/rl-134549210__0__720.jpg,İstanbul-Anadolu,Turkey,3.0,0.0,400.0,819544,https://www.century21global.com/en/p/i̇stanbul-anadolu-turkey--rl-134549210
"Home For Sale, İstanbul-Avrupa Turkey","Home at İstanbul-Avrupa Turkey With 5 bedrooms, 2 bathrooms.",https://assets.xomio.com/listings/images/rl-132454199__0__720.jpg,İstanbul-Avrupa,Turkey,5.0,2.0,280.0,819544,https://www.century21global.com/en/p/i̇stanbul-avrupa-turkey--rl-132454199
"Home For Sale, Denizli Turkey",Home at Denizli Turkey.,https://assets.xomio.com/listings/images/rl-134889977__0__720.jpg,Denizli,Turkey,,,16955.0,818107,https://www.century21global.com/en/p/denizli-turkey--rl-134889977
"Home For Sale, Yalova Turkey",Home at Yalova Turkey.,https://assets.xomio.com/listings/images/rl-134389748__0__720.jpg,Yalova,Turkey,,,2997.0,815231,https://www.century21global.com/en/p/yalova-turkey--rl-134389748
"Condominium/Co-Op For Sale, Mugla Turkey","Condominium/Co-Op at Mugla Turkey With 4 bedrooms, 3 bathrooms, Sea View, parking lot.",https://assets.xomio.com/listings/images/rl-133514865__0__720.jpg,Mugla,Turkey,4.0,3.0,145.0,805166,https://www.century21global.com/en/p/muğla-turkey--rl-133514865
"Home For Sale, Ankara Turkey",Home at Ankara Turkey.,https://assets.xomio.com/listings/images/rl-134675251__0__720.jpg,Ankara,Turkey,,,28474.0,805166,https://www.century21global.com/en/p/ankara-turkey--rl-134675251
"Home For Sale, Mugla Turkey","Home at Mugla Turkey With 3 bedrooms, 2 bathrooms, Sea View, parking lot.",https://assets.xomio.com/listings/images/rl-134956006__0__720.jpg,Mugla,Turkey,3.0,2.0,130.0,805166,https://www.century21global.com/en/p/muğla-turkey--rl-134956006
"Home For Sale, Balıkesir Turkey",Home at Balıkesir Turkey.,https://assets.xomio.com/listings/images/rl-134629173__0__720.jpg,Balıkesir,Turkey,,,3211.0,805166,https://www.century21global.com/en/p/balıkesir-turkey--rl-134629173
"Home For Sale, Denizli -3 Turkey",Home at Denizli -3 Turkey.,https://assets.xomio.com/listings/images/rl-134823875__0__720.jpg,Denizli,Turkey,,,1500.0,805166,https://www.century21global.com/en/p/denizli-3-turkey--rl-134823875
"Single Family House For Sale, Mugla 48000 Turkey","Single Family House at Mugla 48000 Turkey With 3 bedrooms, 3 bathrooms, Sea View, parking lot.",https://assets.xomio.com/listings/images/rl-134659525__0__720.jpg,Mugla,Turkey,3.0,3.0,150.0,805166,https://www.century21global.com/en/p/muğla-48000-turkey--rl-134659525
"Home For Sale, İstanbul-Avrupa Turkey",Home at İstanbul-Avrupa Turkey.,https://assets.xomio.com/listings/images/rl-134198214__0__720.jpg,İstanbul-Avrupa,Turkey,,,200.0,805166,https://www.century21global.com/en/p/i̇stanbul-avrupa-turkey--rl-134198214
"Home For Sale, Mugla Turkey",Home at Mugla Turkey.,https://assets.xomio.com/listings/images/rl-134403121__0__720.jpg,Mugla,Turkey,,,,805166,https://www.century21global.com/en/p/muğla-turkey--rl-134403121
"Home For Sale, Izmir Turkey",Home at Izmir Turkey.,https://assets.xomio.com/listings/images/rl-134707341__0__720.jpg,Izmir,Turkey,,,4080.0,805166,https://www.century21global.com/en/p/i̇zmir-turkey--rl-134707341
"Home For Sale, İstanbul-Anadolu Turkey","Home at İstanbul-Anadolu Turkey With 5 bedrooms, 3 bathrooms, parking lot.",https://assets.xomio.com/listings/images/rl-134648112__0__720.jpg,İstanbul-Anadolu,Turkey,5.0,3.0,165.0,805166,https://www.century21global.com/en/p/i̇stanbul-anadolu-turkey--rl-134648112
"Home For Sale, Ankara Turkey",Home at Ankara Turkey.,https://assets.xomio.com/listings/images/rl-134675248__0__720.jpg,Ankara,Turkey,,,28236.0,805166,https://www.century21global.com/en/p/ankara-turkey--rl-134675248
"Home For Sale, Ankara Turkey","Home at Ankara Turkey With 4 bedrooms, 4 bathrooms, Lake View, Park View, City View, Park or Green Belt View, parking lot, Number of parking spaces.",https://assets.xomio.com/listings/images/rl-133434687__0__720.jpg,Ankara,Turkey,4.0,4.0,240.0,805166,https://www.century21global.com/en/p/ankara-turkey--rl-133434687
"Single Family House For Sale, Mugla Turkey","Single Family House at Mugla Turkey With 4 bedrooms, 2 bathrooms, Park or Green Belt View, parking lot.",https://assets.xomio.com/listings/images/rl-134476577__0__720.jpg,Mugla,Turkey,4.0,2.0,200.0,805166,https://www.century21global.com/en/p/muğla-turkey--rl-134476577
"Home For Sale, Denizli Turkey",Home at Denizli Turkey.,https://assets.xomio.com/listings/images/rl-134871672__0__720.jpg,Denizli,Turkey,,,,804879,https://www.century21global.com/en/p/denizli-turkey--rl-134871672
"Farm For Sale, Izmir Turkey","Farm at Izmir Turkey With 4 bedrooms, 3 bathrooms, parking lot.",https://assets.xomio.com/listings/images/rl-134799214__0__720.jpg,Izmir,Turkey,4.0,3.0,250.0,804591,https://www.century21global.com/en/p/i̇zmir-turkey--rl-134799214
"Home For Sale, Denizli Turkey",Home at Denizli Turkey.,https://assets.xomio.com/listings/images/rl-134938637__0__720.jpg,Denizli,Turkey,,,16.0,790788,https://www.century21global.com/en/p/denizli-turkey--rl-134938637
"Home For Sale, Kayseri Turkey","Home at Kayseri Turkey With 6 bedrooms, 3 bathrooms, parking lot.",https://assets.xomio.com/listings/images/rl-134528470__0__720.jpg,Kayseri,Turkey,6.0,3.0,300.0,790788,https://www.century21global.com/en/p/kayseri-turkey--rl-134528470
"Single Family House For Sale, Mugla Turkey","Single Family House at Mugla Turkey With 3 bedrooms, 2 bathrooms, Sea View, parking lot.",https://assets.xomio.com/listings/images/rl-134669941__0__720.jpg,Mugla,Turkey,3.0,2.0,120.0,790788,https://www.century21global.com/en/p/muğla-turkey--rl-134669941
"Home For Sale, İstanbul-Avrupa Turkey",Home at İstanbul-Avrupa Turkey.,https://assets.xomio.com/listings/images/rl-134871674__0__720.jpg,İstanbul-Avrupa,Turkey,,,400.0,790788,https://www.century21global.com/en/p/i̇stanbul-avrupa-turkey--rl-134871674
"Condominium/Co-Op For Sale, Mugla Turkey","Condominium/Co-Op at Mugla Turkey With 4 bedrooms, 4 bathrooms, Mountain View, Sea View, Park or Green Belt View.",https://assets.xomio.com/listings/images/rl-134528489__0__720.jpg,Mugla,Turkey,4.0,4.0,290.0,790788,https://www.century21global.com/en/p/muğla-turkey--rl-134528489
"Single Family House For Sale, Düzce Turkey","Single Family House at Düzce Turkey With 4 bedrooms, 2 bathrooms, Mountain View, Park or Green Belt View, parking lot.",https://assets.xomio.com/listings/images/rl-134293704__0__720.jpg,Düzce,Turkey,4.0,2.0,5200.0,790788,https://www.century21global.com/en/p/düzce-turkey--rl-134293704
"Home For Sale, Balıkesir 10400 Turkey","Home at Balıkesir 10400 Turkey With 3 bedrooms, 3 bathrooms.",https://assets.xomio.com/listings/images/rl-134794114__0__720.jpg,Balıkesir,Turkey,3.0,3.0,135.0,790788,https://www.century21global.com/en/p/balıkesir-10400-turkey--rl-134794114
,,,,,,,,,
"Single Family House For Sale, Mugla Turkey","Single Family House at Mugla Turkey With 4 bedrooms, 3 bathrooms.",https://assets.xomio.com/listings/images/rl-134942698__0__720.jpg,Mugla,Turkey,4.0,3.0,180.0,790788,https://www.century21global.com/en/p/muğla-turkey--rl-134942698
"Home For Sale, Mugla Turkey",Home at Mugla Turkey.,https://assets.xomio.com/listings/images/rl-134993409__0__720.jpg,Mugla,Turkey,,,180.0,790788,https://www.century21global.com/en/p/muğla-turkey--rl-134993409
"Single Family House For Sale, Denizli Turkey",Single Family House at Denizli Turkey.,https://assets.xomio.com/listings/images/rl-134707352__0__720.jpg,Denizli,Turkey,,,,789351,https://www.century21global.com/en/p/denizli-turkey--rl-134707352
"Home For Sale, İstanbul-Anadolu Turkey",Home at İstanbul-Anadolu Turkey.,https://assets.xomio.com/listings/images/rl-133312805__0__720.jpg,İstanbul-Anadolu,Turkey,,,500.0,776410,https://www.century21global.com/en/p/i̇stanbul-anadolu-turkey--rl-133312805
"Home For Sale, Bursa 16200 Turkey","Home at Bursa 16200 Turkey With 2 bedrooms, 0 bathrooms.",https://assets.xomio.com/listings/images/rl-134912745__0__720.jpg,Bursa,Turkey,2.0,0.0,450.0,776410,https://www.century21global.com/en/p/bursa-16200-turkey--rl-134912745
"Home For Sale, Ankara Turkey","Home at Ankara Turkey With 4 bedrooms, 4 bathrooms.",https://assets.xomio.com/listings/images/rl-133038747__0__720.jpg,Ankara,Turkey,4.0,4.0,220.0,776410,https://www.century21global.com/en/p/ankara-turkey--rl-133038747
"Home For Sale, İstanbul-Avrupa Turkey",Home at İstanbul-Avrupa Turkey.,https://assets.xomio.com/listings/images/rl-134524715__0__720.jpg,İstanbul-Avrupa,Turkey,,,170.0,776410,https://www.century21global.com/en/p/i̇stanbul-avrupa-turkey--rl-134524715
"Home For Sale, Sakarya Turkey","Home at Sakarya Turkey With 4 bedrooms, 0 bathrooms.",https://assets.xomio.com/listings/images/rl-133514862__0__720.jpg,Sakarya,Turkey,4.0,0.0,250.0,776410,https://www.century21global.com/en/p/sakarya-turkey--rl-133514862
"Home For Sale, Antalya Turkey","Home at Antalya Turkey With 6 bedrooms, 0 bathrooms.",https://assets.xomio.com/listings/images/rl-134506842__0__720.jpg,Antalya,Turkey,6.0,0.0,270.0,773535,https://www.century21global.com/en/p/antalya-turkey--rl-134506842
"Home For Sale, Mugla 48400 Turkey","Home at Mugla 48400 Turkey With 3 bedrooms, 2 bathrooms, parking lot.",https://assets.xomio.com/listings/images/rl-134755837__0__720.jpg,Mugla,Turkey,3.0,2.0,172.0,773535,https://www.century21global.com/en/p/muğla-48400-turkey--rl-134755837
"Condominium/Co-Op For Sale, İstanbul-Anadolu Turkey","Condominium/Co-Op at İstanbul-Anadolu Turkey With 4 bedrooms, 3 bathrooms, parking lot, Number of parking spaces.",https://assets.xomio.com/listings/images/rl-132834629__0__720.jpg,İstanbul-Anadolu,Turkey,4.0,3.0,230.0,762032,https://www.century21global.com/en/p/i̇stanbul-anadolu-turkey--rl-132834629
"Single Family House For Sale, İstanbul-Anadolu 34979 Turkey","Single Family House at İstanbul-Anadolu 34979 Turkey With 6 bedrooms, 5 bathrooms, Park or Green Belt View, Number of parking spaces.",https://assets.xomio.com/listings/images/rl-134588185__0__720.jpg,İstanbul-Anadolu,Turkey,6.0,5.0,200.0,762032,https://www.century21global.com/en/p/i̇stanbul-anadolu-34979-turkey--rl-134588185
"Condominium/Co-Op For Sale, Mugla Turkey","Condominium/Co-Op at Mugla Turkey With 5 bedrooms, 4 bathrooms, Sea View, City View, parking lot.",https://assets.xomio.com/listings/images/rl-133580029__0__720.jpg,Mugla,Turkey,5.0,4.0,140.0,762032,https://www.century21global.com/en/p/muğla-turkey--rl-133580029
"Home For Sale, Mugla Turkey",Home at Mugla Turkey.,https://assets.xomio.com/listings/images/rl-133418687__0__720.jpg,Mugla,Turkey,,,3650.0,762032,https://www.century21global.com/en/p/muğla-turkey--rl-133418687
"Home For Sale, Kocaeli Turkey","Home at Kocaeli Turkey With 4 bedrooms, 3 bathrooms.",https://assets.xomio.com/listings/images/rl-134680095__0__720.jpg,Kocaeli,Turkey,4.0,3.0,200.0,762032,https://www.century21global.com/en/p/kocaeli-turkey--rl-134680095
"Condominium/Co-Op For Sale, Balıkesir Turkey","Condominium/Co-Op at Balıkesir Turkey With 6 bedrooms, 2 bathrooms.",https://assets.xomio.com/listings/images/rl-134367160__0__720.jpg,Balıkesir,Turkey,6.0,2.0,210.0,747654,https://www.century21global.com/en/p/balıkesir-turkey--rl-134367160
"Home For Sale, İstanbul-Avrupa Turkey","Home at İstanbul-Avrupa Turkey With 6 bedrooms, 2 bathrooms.",https://assets.xomio.com/listings/images/rl-134490673__0__720.jpg,İstanbul-Avrupa,Turkey,6.0,2.0,219.0,747654,https://www.century21global.com/en/p/i̇stanbul-avrupa-turkey--rl-134490673
"Home For Sale, Izmir Turkey","Home at Izmir Turkey With 4 bedrooms, 3 bathrooms.",https://assets.xomio.com/listings/images/rl-134462193__0__720.jpg,Izmir,Turkey,4.0,3.0,150.0,747654,https://www.century21global.com/en/p/i̇zmir-turkey--rl-134462193
"Home For Sale, Ankara Turkey",Home at Ankara Turkey.,https://assets.xomio.com/listings/images/rl-134956007__0__720.jpg,Ankara,Turkey,,,56513.0,747654,https://www.century21global.com/en/p/ankara-turkey--rl-134956007
"Home For Sale, İstanbul-Avrupa Turkey","Home at İstanbul-Avrupa Turkey With 4 bedrooms, 0 bathrooms.",https://assets.xomio.com/listings/images/rl-134934752__0__720.jpg,İstanbul-Avrupa,Turkey,4.0,0.0,235.0,747654,https://www.century21global.com/en/p/i̇stanbul-avrupa-turkey--rl-134934752
"Home For Sale, İstanbul-Avrupa Turkey","Home at İstanbul-Avrupa Turkey With 4 bedrooms, 3 bathrooms, Park or Green Belt View, parking lot.",https://assets.xomio.com/listings/images/rl-134620173__0__720.jpg,İstanbul-Avrupa,Turkey,4.0,3.0,220.0,747654,https://www.century21global.com/en/p/i̇stanbul-avrupa-turkey--rl-134620173
"Home For Sale, Ankara Turkey",Home at Ankara Turkey.,https://assets.xomio.com/listings/images/rl-133845972__0__720.jpg,Ankara,Turkey,,,299.0,747654,https://www.century21global.com/en/p/ankara-turkey--rl-133845972
"Home For Sale, Denizli Turkey","Home at Denizli Turkey With 6 bedrooms, 3 bathrooms, Mountain View, City View, Park or Green Belt View, parking lot.",https://assets.xomio.com/listings/images/rl-133828102__0__720.jpg,Denizli,Turkey,6.0,3.0,400.0,744031,https://www.century21global.com/en/p/denizli-turkey--rl-133828102
"Home For Sale, Izmir Turkey",Home at Izmir Turkey.,https://assets.xomio.com/listings/images/rl-134926323__0__720.jpg,Izmir,Turkey,,,5000.0,741903,https://www.century21global.com/en/p/i̇zmir-turkey--rl-134926323
"Home For Sale, Ankara Turkey",Home at Ankara Turkey.,https://assets.xomio.com/listings/images/rl-134918985__0__720.jpg,Ankara,Turkey,,,430.0,736152,https://www.century21global.com/en/p/ankara-turkey--rl-134918985
"Home For Sale, İstanbul-Avrupa Turkey","Home at İstanbul-Avrupa Turkey With 4 bedrooms, 2 bathrooms, parking lot.",https://assets.xomio.com/listings/images/rl-134934732__0__720.jpg,İstanbul-Avrupa,Turkey,4.0,2.0,165.0,733277,https://www.century21global.com/en/p/i̇stanbul-avrupa-turkey--rl-134934732
"Single Family House For Sale, İstanbul-Avrupa Turkey","Single Family House at İstanbul-Avrupa Turkey With 15 bedrooms, 0 bathrooms.",https://assets.xomio.com/listings/images/rl-134876845__0__720.jpg,İstanbul-Avrupa,Turkey,15.0,0.0,113.0,718899,https://www.century21global.com/en/p/i̇stanbul-avrupa-turkey--rl-134876845
"Home For Sale, Mugla 48400 Turkey","Home at Mugla 48400 Turkey With 3 bedrooms, 2 bathrooms, Sea View, parking lot.",https://assets.xomio.com/listings/images/rl-133559234__0__720.jpg,Mugla,Turkey,3.0,2.0,115.0,718899,https://www.century21global.com/en/p/muğla-48400-turkey--rl-133559234
"Home For Sale, Tekirdağ Turkey","Home at Tekirdağ Turkey With 5 bedrooms, 3 bathrooms, Park View, Pool View, City View, Park or Green Belt View, parking lot.",https://assets.xomio.com/listings/images/rl-134899684__0__720.jpg,Tekirdağ,Turkey,5.0,3.0,211.0,718899,https://www.century21global.com/en/p/tekirdağ-turkey--rl-134899684
"Home For Sale, Mugla Turkey","Home at Mugla Turkey With 3 bedrooms, 2 bathrooms, parking lot.",https://assets.xomio.com/listings/images/rl-134328429__0__720.jpg,Mugla,Turkey,3.0,2.0,130.0,718899,https://www.century21global.com/en/p/muğla-turkey--rl-134328429
"Home For Sale, Aydın Turkey","Home at Aydın Turkey With 4 bedrooms, 4 bathrooms, Mountain View, Sea View, Park View, Pool View, City View, Park or Green Belt View.",https://assets.xomio.com/listings/images/rl-134904549__0__720.jpg,Aydın,Turkey,4.0,4.0,160.0,718899,https://www.century21global.com/en/p/aydın-turkey--rl-134904549
"Home For Sale, İstanbul-Avrupa Turkey",Home at İstanbul-Avrupa Turkey.,https://assets.xomio.com/listings/images/rl-133253268__0__720.jpg,İstanbul-Avrupa,Turkey,,,1000.0,718899,https://www.century21global.com/en/p/i̇stanbul-avrupa-turkey--rl-133253268
"Home For Sale, Balıkesir 10200 Turkey","Home at Balıkesir 10200 Turkey With 10 bedrooms, 0 bathrooms.",https://assets.xomio.com/listings/images/rl-134847613__0__720.jpg,Balıkesir,Turkey,10.0,0.0,234.0,718899,https://www.century21global.com/en/p/balıkesir-10200-turkey--rl-134847613
"Farm For Sale, Eskişehir Turkey","Farm at Eskişehir Turkey With 6 bedrooms, 2 bathrooms, parking lot.",https://assets.xomio.com/listings/images/rl-134669963__0__720.jpg,Eskişehir,Turkey,6.0,2.0,140.0,718899,https://www.century21global.com/en/p/eskişehir-turkey--rl-134669963
"Home For Sale, İstanbul-Anadolu Turkey","Home at İstanbul-Anadolu Turkey With 3 bedrooms, 2 bathrooms.",https://assets.xomio.com/listings/images/rl-134799192__0__720.jpg,İstanbul-Anadolu,Turkey,3.0,2.0,120.0,718899,https://www.century21global.com/en/p/i̇stanbul-anadolu-turkey--rl-134799192
"Single Family House For Sale, Mugla Turkey","Single Family House at Mugla Turkey With 4 bedrooms, 5 bathrooms, Sea View, Pool View, Park or Green Belt View, parking lot.",https://assets.xomio.com/listings/images/rl-134876872__0__720.jpg,Mugla,Turkey,4.0,5.0,230.0,718899,https://www.century21global.com/en/p/muğla-turkey--rl-134876872
"Home For Sale, Mugla Turkey","Home at Mugla Turkey With 3 bedrooms, 3 bathrooms, Sea View, Park or Green Belt View, parking lot.",https://assets.xomio.com/listings/images/rl-133915625__0__720.jpg,Mugla,Turkey,3.0,3.0,180.0,718899,https://www.century21global.com/en/p/muğla-turkey--rl-133915625
"Home For Sale, İstanbul-Avrupa Turkey","Home at İstanbul-Avrupa Turkey With 4 bedrooms, 2 bathrooms, Park View, City View, Park or Green Belt View, Number of parking spaces.",https://assets.xomio.com/listings/images/rl-133171667__0__720.jpg,İstanbul-Avrupa,Turkey,4.0,2.0,230.0,717461,https://www.century21global.com/en/p/i̇stanbul-avrupa-turkey--rl-133171667
"Condominium/Co-Op For Sale, Mugla Turkey","Condominium/Co-Op at Mugla Turkey With 4 bedrooms, 2 bathrooms.",https://assets.xomio.com/listings/images/rl-134516477__0__720.jpg,Mugla,Turkey,4.0,2.0,140.0,717461,https://www.century21global.com/en/p/muğla-turkey--rl-134516477
"Condominium/Co-Op For Sale, Ankara Turkey","Condominium/Co-Op at Ankara Turkey With 6 bedrooms, 3 bathrooms, parking lot.",https://assets.xomio.com/listings/images/rl-134411134__0__720.jpg,Ankara,Turkey,6.0,3.0,490.0,704521,https://www.century21global.com/en/p/ankara-turkey--rl-134411134
,,,,,,,,,
"Home For Sale, İstanbul-Avrupa Turkey","Home at İstanbul-Avrupa Turkey With one bedroom, 0 bathrooms.",https://assets.xomio.com/listings/images/rl-133828027__0__720.jpg,İstanbul-Avrupa,Turkey,1.0,0.0,90.0,704521,https://www.century21global.com/en/p/i̇stanbul-avrupa-turkey--rl-133828027
"Home For Sale, Kocaeli Turkey",Home at Kocaeli Turkey.,https://assets.xomio.com/listings/images/rl-132454202__0__720.jpg,Kocaeli,Turkey,,,1318.0,700000,https://www.century21global.com/en/p/kocaeli-turkey--rl-132454202
"Home For Sale, Balıkesir Turkey",Home at Balıkesir Turkey.,https://assets.xomio.com/listings/images/rl-134468330__0__720.jpg,Balıkesir,Turkey,,,10926.0,695894,https://www.century21global.com/en/p/balıkesir-turkey--rl-134468330
"Home For Sale, İstanbul-Avrupa 34535 Turkey",Home at İstanbul-Avrupa 34535 Turkey.,https://assets.xomio.com/listings/images/rl-133526755__0__720.jpg,İstanbul-Avrupa,Turkey,,,230.0,690143,https://www.century21global.com/en/p/i̇stanbul-avrupa-34535-turkey--rl-133526755
"Home For Sale, Mugla Turkey","Home at Mugla Turkey With 2 bedrooms, 2 bathrooms, parking lot.",https://assets.xomio.com/listings/images/rl-134599565__0__720.jpg,Mugla,Turkey,2.0,2.0,100.0,690143,https://www.century21global.com/en/p/muğla-turkey--rl-134599565
"Home For Sale, İstanbul-Anadolu Turkey","Home at İstanbul-Anadolu Turkey With 5 bedrooms, 4 bathrooms, parking lot, Number of parking spaces.",https://assets.xomio.com/listings/images/rl-132997766__0__720.jpg,İstanbul-Anadolu,Turkey,5.0,4.0,200.0,690143,https://www.century21global.com/en/p/i̇stanbul-anadolu-turkey--rl-132997766
"Home For Sale, Ankara Turkey","Home at Ankara Turkey With 5 bedrooms, 3 bathrooms, parking lot, Number of parking spaces.",https://assets.xomio.com/listings/images/rl-134263843__0__720.jpg,Ankara,Turkey,5.0,3.0,285.0,685829,https://www.century21global.com/en/p/ankara-turkey--rl-134263843
"Home For Sale, Mugla Turkey",Home at Mugla Turkey.,https://assets.xomio.com/listings/images/rl-133836365__0__720.jpg,Mugla,Turkey,,,240.0,684391,https://www.century21global.com/en/p/muğla-turkey--rl-133836365
"Home For Sale, Ankara Turkey","Home at Ankara Turkey With 5 bedrooms, 3 bathrooms.",https://assets.xomio.com/listings/images/rl-134516444__0__720.jpg,Ankara,Turkey,5.0,3.0,200.0,682954,https://www.century21global.com/en/p/ankara-turkey--rl-134516444
"Home For Sale, İstanbul-Anadolu Turkey","Home at İstanbul-Anadolu Turkey With 3 bedrooms, 2 bathrooms, City View, Park or Green Belt View, Number of parking spaces.",https://assets.xomio.com/listings/images/rl-134794123__0__720.jpg,İstanbul-Anadolu,Turkey,3.0,2.0,115.0,675765,https://www.century21global.com/en/p/i̇stanbul-anadolu-turkey--rl-134794123
"Home For Sale, İstanbul-Anadolu Turkey",Home at İstanbul-Anadolu Turkey.,https://assets.xomio.com/listings/images/rl-133302757__0__720.jpg,İstanbul-Anadolu,Turkey,,,,675765,https://www.century21global.com/en/p/i̇stanbul-anadolu-turkey--rl-133302757
"Home For Sale, İstanbul-Anadolu Turkey","Home at İstanbul-Anadolu Turkey With 4 bedrooms, 2 bathrooms, parking lot, Number of parking spaces.",https://assets.xomio.com/listings/images/rl-132454300__0__720.jpg,İstanbul-Anadolu,Turkey,4.0,2.0,120.0,675765,https://www.century21global.com/en/p/i̇stanbul-anadolu-turkey--rl-132454300
"Home For Sale, Aydın Turkey","Home at Aydın Turkey With 5 bedrooms, 4 bathrooms, parking lot, Number of parking spaces.",https://assets.xomio.com/listings/images/rl-134620169__0__720.jpg,Aydın,Turkey,5.0,4.0,232.0,675765,https://www.century21global.com/en/p/aydın-turkey--rl-134620169
"Home For Sale, İstanbul-Anadolu Turkey","Home at İstanbul-Anadolu Turkey With 8 bedrooms, 3 bathrooms.",https://assets.xomio.com/listings/images/rl-133302748__0__720.jpg,İstanbul-Anadolu,Turkey,8.0,3.0,240.0,675765,https://www.century21global.com/en/p/i̇stanbul-anadolu-turkey--rl-133302748
"Home For Sale, Balıkesir Turkey",Home at Balıkesir Turkey.,https://assets.xomio.com/listings/images/rl-134403111__0__720.jpg,Balıkesir,Turkey,,,1250.0,675765,https://www.century21global.com/en/p/balıkesir-turkey--rl-134403111
"Home For Sale, Antalya 7000 Turkey","Home at Antalya 7000 Turkey With 6 bedrooms, 2 bathrooms.",https://assets.xomio.com/listings/images/rl-134926327__0__720.jpg,Antalya,Turkey,6.0,2.0,290.0,675765,https://www.century21global.com/en/p/antalya-7000-turkey--rl-134926327
"Home For Sale, İstanbul-Anadolu Turkey",Home at İstanbul-Anadolu Turkey.,https://assets.xomio.com/listings/images/rl-134510243__0__720.jpg,İstanbul-Anadolu,Turkey,,,,675765,https://www.century21global.com/en/p/i̇stanbul-anadolu-turkey--rl-134510243
"Condominium/Co-Op For Sale, Ankara Turkey","Condominium/Co-Op at Ankara Turkey With 6 bedrooms, 3 bathrooms, parking lot.",https://assets.xomio.com/listings/images/rl-134524703__0__720.jpg,Ankara,Turkey,6.0,3.0,207.0,675765,https://www.century21global.com/en/p/ankara-turkey--rl-134524703
"Home For Sale, İstanbul-Avrupa Turkey","Home at İstanbul-Avrupa Turkey With one bedroom, 2 bathrooms, Number of parking spaces.",https://assets.xomio.com/listings/images/rl-134146291__0__720.jpg,İstanbul-Avrupa,Turkey,1.0,2.0,90.0,661387,https://www.century21global.com/en/p/i̇stanbul-avrupa-turkey--rl-134146291
"Home For Sale, Balıkesir Turkey",Home at Balıkesir Turkey.,https://assets.xomio.com/listings/images/rl-134930525__0__720.jpg,Balıkesir,Turkey,,,13779.0,661387,https://www.century21global.com/en/p/balıkesir-turkey--rl-134930525
"Single Family House For Sale, Mugla Turkey","Single Family House at Mugla Turkey With 3 bedrooms, 3 bathrooms.",https://assets.xomio.com/listings/images/rl-134789971__0__720.jpg,Mugla,Turkey,3.0,3.0,145.0,661387,https://www.century21global.com/en/p/muğla-turkey--rl-134789971
"Single Family House For Sale, Mugla Turkey","Single Family House at Mugla Turkey With 2 bedrooms, 2 bathrooms.",https://assets.xomio.com/listings/images/rl-134889961__0__720.jpg,Mugla,Turkey,2.0,2.0,60.0,661387,https://www.century21global.com/en/p/muğla-turkey--rl-134889961
"Home For Sale, Ankara Turkey","Home at Ankara Turkey With 4 bedrooms, 3 bathrooms.",https://assets.xomio.com/listings/images/rl-133451805__0__720.jpg,Ankara,Turkey,4.0,3.0,450.0,659949,https://www.century21global.com/en/p/ankara-turkey--rl-133451805
"Home For Sale, Balıkesir Turkey","Home at Balıkesir Turkey With 5 bedrooms, 0 bathrooms.",https://assets.xomio.com/listings/images/rl-134108537__0__720.jpg,Balıkesir,Turkey,5.0,0.0,200.0,661387,https://www.century21global.com/en/p/balıkesir-turkey--rl-134108537
"Home For Sale, Balıkesir Turkey","Home at Balıkesir Turkey With 5 bedrooms, 0 bathrooms.",https://assets.xomio.com/listings/images/rl-134108515__0__720.jpg,Balıkesir,Turkey,5.0,0.0,200.0,661387,https://www.century21global.com/en/p/balıkesir-turkey--rl-134108515
"Home For Sale, İstanbul-Avrupa Turkey","Home at İstanbul-Avrupa Turkey With 3 bedrooms, 0 bathrooms.",https://assets.xomio.com/listings/images/rl-134952475__0__720.jpg,İstanbul-Avrupa,Turkey,3.0,0.0,190.0,658511,https://www.century21global.com/en/p/i̇stanbul-avrupa-turkey--rl-134952475
"Home For Sale, İstanbul-Avrupa Turkey","Home at İstanbul-Avrupa Turkey With 2 bedrooms, 2 bathrooms, Pool View, Park or Green Belt View, Number of parking spaces.",https://assets.xomio.com/listings/images/rl-134524722__0__720.jpg,İstanbul-Avrupa,Turkey,2.0,2.0,81.0,655635,https://www.century21global.com/en/p/i̇stanbul-avrupa-turkey--rl-134524722
"Home For Sale, Ankara Turkey","Home at Ankara Turkey With 5 bedrooms, 4 bathrooms.",https://assets.xomio.com/listings/images/rl-133952248__0__720.jpg,Ankara,Turkey,5.0,4.0,400.0,654198,https://www.century21global.com/en/p/ankara-turkey--rl-133952248
"Home For Sale, Antalya Turkey",Home at Antalya Turkey.,https://assets.xomio.com/listings/images/rl-134498605__0__720.jpg,Antalya,Turkey,,,200.0,654198,https://www.century21global.com/en/p/antalya-turkey--rl-134498605
"Home For Sale, Balıkesir Turkey",Home at Balıkesir Turkey.,https://assets.xomio.com/listings/images/rl-134213940__0__720.jpg,Balıkesir,Turkey,,,12698.0,649884,https://www.century21global.com/en/p/balıkesir-turkey--rl-134213940
"Condominium/Co-Op For Sale, Ankara Turkey","Condominium/Co-Op at Ankara Turkey With 4 bedrooms, 2 bathrooms, Park View, Park or Green Belt View, parking lot, Number of parking spaces.",https://assets.xomio.com/listings/images/rl-134385786__0__720.jpg,Ankara,Turkey,4.0,2.0,2326.0,647009,https://www.century21global.com/en/p/ankara-turkey--rl-134385786
"Home For Sale, Kocaeli Turkey","Home at Kocaeli Turkey With 7 bedrooms, 5 bathrooms.",https://assets.xomio.com/listings/images/rl-134765313__0__720.jpg,Kocaeli,Turkey,7.0,5.0,500.0,647009,https://www.century21global.com/en/p/kocaeli-turkey--rl-134765313
"Home For Sale, Mugla Turkey","Home at Mugla Turkey With 3 bedrooms, 3 bathrooms, Sea View, City View, parking lot.",https://assets.xomio.com/listings/images/rl-133685645__0__720.jpg,Mugla,Turkey,3.0,3.0,140.0,647009,https://www.century21global.com/en/p/muğla-turkey--rl-133685645
"Home For Sale, İstanbul-Anadolu Turkey","Home at İstanbul-Anadolu Turkey With 3 bedrooms, 2 bathrooms, Number of parking spaces.",https://assets.xomio.com/listings/images/rl-133237967__0__720.jpg,İstanbul-Anadolu,Turkey,3.0,2.0,91.0,647009,https://www.century21global.com/en/p/i̇stanbul-anadolu-turkey--rl-133237967
"Home For Sale, Bursa Turkey",Home at Bursa Turkey.,https://assets.xomio.com/listings/images/rl-134956013__0__720.jpg,Bursa,Turkey,,,21920.0,647009,https://www.century21global.com/en/p/bursa-turkey--rl-134956013
"Home For Sale, İstanbul-Avrupa Turkey","Home at İstanbul-Avrupa Turkey With 5 bedrooms, 2 bathrooms, Park or Green Belt View, parking lot.",https://assets.xomio.com/listings/images/rl-134567367__0__720.jpg,İstanbul-Avrupa,Turkey,5.0,2.0,210.0,641257,https://www.century21global.com/en/p/i̇stanbul-avrupa-turkey--rl-134567367
"Home For Sale, Izmir Turkey","Home at Izmir Turkey With 4 bedrooms, 3 bathrooms, Park or Green Belt View, parking lot.",https://assets.xomio.com/listings/images/rl-134659501__0__720.jpg,Izmir,Turkey,4.0,3.0,280.0,632631,https://www.century21global.com/en/p/i̇zmir-turkey--rl-134659501
"Home For Sale, İstanbul-Anadolu Turkey",Home at İstanbul-Anadolu Turkey.,https://assets.xomio.com/listings/images/rl-133364025__0__720.jpg,İstanbul-Anadolu,Turkey,,,488.0,632631,https://www.century21global.com/en/p/i̇stanbul-anadolu-turkey--rl-133364025
"Home For Sale, İstanbul-Avrupa 34450 Turkey","Home at İstanbul-Avrupa 34450 Turkey With 4 bedrooms, 2 bathrooms.",https://assets.xomio.com/listings/images/rl-132647140__0__720.jpg,İstanbul-Avrupa,Turkey,4.0,2.0,285.0,632631,https://www.century21global.com/en/p/i̇stanbul-avrupa-34450-turkey--rl-132647140
"Home For Sale, Balıkesir 10369 Turkey","Home at Balıkesir 10369 Turkey With 15 bedrooms, 0 bathrooms.",https://assets.xomio.com/listings/images/rl-134429058__0__720.jpg,Balıkesir,Turkey,15.0,0.0,300.0,632631,https://www.century21global.com/en/p/balıkesir-10369-turkey--rl-134429058
,,,,,,,,,
